,No.,Player,Age,Pos,G,GS,Int,Tgt,Cmp,Cmp%,Yds,Yds/Cmp,Yds/Tgt,TD,Rat,DADOT,Air,YAC,Bltz,Hrry,QBKD,Sk,Prss,Comb,MTkl,MTkl%,team
0,24.0,Stephon Gilmore*+,29.0,CB/db,16.0,16.0,6,101,51,50.5%,599,11.7,5.9,0,44.1,11.5,382,217,0,0,0,0.0,0,53,6,10.2%,nwe
1,31.0,Jonathan Jones,26.0,DB,15.0,9.0,0,75,45,60.0%,534,11.9,7.1,5,104.0,11.1,317,217,2,0,0,0.0,0,53,5,8.6%,nwe
2,27.0,J.C. Jackson,24.0,db,16.0,6.0,5,62,33,53.2%,339,10.3,5.5,0,35.6,12.8,199,140,4,1,0,0.0,1,36,3,7.7%,nwe
3,30.0,Jason McCourty,32.0,CB,12.0,10.0,1,56,27,48.2%,267,9.9,4.8,0,54.7,12.3,191,76,1,0,0,0.0,0,40,1,2.4%,nwe
4,23.0,Patrick Chung,32.0,S/ss,13.0,12.0,0,44,31,70.5%,311,10.0,7.1,1,97.8,7.6,179,132,38,0,0,0.0,0,51,4,7.3%,nwe
5,58.0,Jamie Collins,30.0,LB,16.0,15.0,3,33,24,72.7%,168,7.0,5.1,0,46.0,1.4,20,148,90,6,2,7.0,16,81,12,12.9%,nwe
6,32.0,Devin McCourty,32.0,DB,16.0,16.0,5,33,20,60.6%,220,11.0,6.7,2,61.0,8.6,95,125,16,1,0,0.0,1,58,5,7.9%,nwe
7,54.0,Dont'a Hightower*,29.0,LB,15.0,15.0,0,29,20,69.0%,195,9.8,6.7,2,110.6,3.0,59,136,78,6,6,5.5,19,71,3,4.1%,nwe
8,25.0,Terrence Brooks,27.0,,15.0,0.0,1,18,11,61.1%,112,10.2,6.2,0,55.8,6.2,75,37,13,0,3,0.0,3,24,1,4.0%,nwe
9,51.0,Ja'Whaun Bentley,23.0,lb,16.0,2.0,0,15,11,73.3%,64,5.8,4.3,0,81.0,3.5,26,38,27,3,1,0.0,4,44,3,6.4%,nwe
10,21.0,Duron Harmon,28.0,DB,16.0,8.0,2,15,8,53.3%,118,14.8,7.9,0,39.7,13.8,104,14,20,0,2,0.0,2,22,2,8.3%,nwe
11,53.0,Kyle Van Noy,28.0,LB,15.0,15.0,0,9,5,55.6%,60,12.0,6.7,1,113.2,8.2,31,29,115,11,7,6.5,24,56,6,9.7%,nwe
12,52.0,Elandon Roberts,25.0,lb,16.0,3.0,0,8,6,75.0%,60,10.0,7.5,0,95.8,5.3,33,27,17,0,2,1.0,3,29,1,3.3%,nwe
13,33.0,Joejuan Williams,22.0,,9.0,0.0,0,7,3,42.9%,32,10.7,4.6,0,56.8,14.1,29,3,0,0,0,0.0,0,5,0,0.0%,nwe
14,55.0,John Simon,29.0,DE,16.0,12.0,1,4,2,50.0%,21,10.5,5.3,0,26.0,5.0,2,19,13,3,1,4.0,8,44,3,6.4%,nwe
15,50.0,Chase Winovich,24.0,,16.0,0.0,0,2,2,100.0%,17,8.5,8.5,0,102.1,-2.0,-4,21,6,9,3,5.5,19,26,2,7.1%,nwe
16,70.0,Adam Butler,25.0,dl,16.0,2.0,0,1,0,0.0%,0,,0.0,0,39.6,-2.0,0,0,0,0,1,6.0,9,26,1,3.7%,nwe
17,93.0,Lawrence Guy,29.0,DL,16.0,16.0,1,0,0,,0,,,0,,,0,0,0,3,1,3.0,7,61,1,1.6%,nwe
18,71.0,Danny Shelton,26.0,DL,16.0,14.0,0,0,0,,0,,,0,,,0,0,0,3,3,3.0,9,61,3,4.7%,nwe
19,77.0,Michael Bennett,34.0,dl,6.0,1.0,0,0,0,,0,,,0,,,0,0,0,2,1,2.5,6,5,0,0.0%,nwe
20,91.0,Deatrich Wise,25.0,dl,14.0,3.0,0,0,0,,1,,,1,,,1,0,0,7,5,2.0,14,26,2,7.1%,nwe
21,90.0,Shilique Calhoun,27.0,lb,15.0,1.0,0,0,0,,0,,,0,,,0,0,17,3,3,0.0,6,9,1,10.0%,nwe
22,99.0,Byron Cowart,23.0,,5.0,0.0,0,0,0,,0,,,0,,,0,0,0,0,0,0.0,0,2,1,33.3%,nwe
23,,Team Total,,,,,25,512,303,56.5%,3214,10.6,6.1,13,62.8,9.5,1739,1379,457,58,41,46.0,151,928,66,6.6%,nwe
0,39.0,Levi Wallace,24.0,CB,16.0,16.0,2,105,69,65.7%,682,9.9,6.5,3,85.5,8.7,460,222,3,0,0,0.0,0,76,12,13.6%,buf
1,27.0,Tre'Davious White*+,24.0,CB,15.0,15.0,6,90,45,50.0%,626,13.9,7.0,0,45.0,10.1,378,248,6,0,0,1.0,1,58,9,13.4%,buf
2,58.0,Matt Milano,25.0,LB,15.0,15.0,0,52,35,67.3%,213,6.1,4.1,3,94.5,2.3,63,150,62,3,4,1.5,9,101,16,13.7%,buf
3,49.0,Tremaine Edmunds*,21.0,LB,16.0,16.0,1,52,34,65.4%,266,7.8,5.1,1,76.3,3.8,100,166,64,1,2,1.5,5,115,12,9.4%,buf
4,24.0,Taron Johnson,23.0,cb,12.0,7.0,0,49,33,67.3%,368,11.2,7.5,1,96.3,8.0,181,187,22,2,0,1.0,3,50,13,20.6%,buf
5,29.0,Kevin Johnson,27.0,cb,16.0,1.0,0,44,26,59.1%,301,11.6,6.8,0,79.8,9.0,198,103,6,0,0,1.0,1,36,6,14.3%,buf
6,21.0,Jordan Poyer,28.0,S,16.0,16.0,2,36,25,69.4%,358,14.3,9.9,5,117.8,10.8,198,160,37,2,0,1.0,3,107,9,7.8%,buf
7,23.0,Micah Hyde,29.0,S,16.0,16.0,1,32,21,65.6%,266,12.7,8.3,0,78.4,8.1,171,95,11,2,1,0.0,3,72,11,13.3%,buf
8,33.0,Siran Neal,25.0,s,15.0,1.0,0,19,14,73.7%,73,5.2,3.8,0,79.5,3.7,12,61,6,0,0,0.0,0,36,3,7.7%,buf
9,57.0,Lorenzo Alexander,36.0,lb,16.0,7.0,0,15,12,80.0%,81,6.8,5.4,1,111.4,3.3,21,60,35,4,6,2.0,13,55,6,9.8%,buf
10,31.0,Dean Marlowe,27.0,s,9.0,2.0,0,10,7,70.0%,41,5.9,4.1,1,110.8,5.5,24,17,6,0,0,0.0,0,11,0,0.0%,buf
11,52.0,Corey Thompson,26.0,,12.0,0.0,0,6,4,66.7%,26,6.5,4.3,0,75.7,4.0,11,15,3,0,0,0.0,0,7,1,12.5%,buf
12,41.0,Maurice Alexander,28.0,,7.0,0.0,0,5,4,80.0%,49,12.3,9.8,0,107.5,4.0,20,29,2,0,0,0.0,0,11,0,0.0%,buf
13,93.0,Trent Murphy,29.0,DE,16.0,16.0,1,3,2,66.7%,14,7.0,4.7,0,37.5,-1.3,1,13,3,9,5,5.0,19,36,5,12.2%,buf
14,98.0,Star Lotulelei,30.0,DT,16.0,16.0,1,3,2,66.7%,-3,-1.5,-1.0,0,30.6,-4.7,-6,3,0,1,1,2.0,4,19,3,13.6%,buf
15,90.0,Shaq Lawson,25.0,,15.0,0.0,0,2,2,100.0%,7,3.5,3.5,0,81.2,2.0,4,3,0,12,9,6.5,28,32,7,17.9%,buf
16,46.0,Jaquan Johnson,24.0,,13.0,0.0,0,2,2,100.0%,13,6.5,6.5,0,93.7,-3.0,-6,19,0,0,0,0.0,0,8,0,0.0%,buf
17,28.0,Kurt Coleman,31.0,,14.0,0.0,0,2,1,50.0%,21,21.0,10.5,0,87.5,9.0,17,4,3,0,0,0.0,0,3,1,25.0%,buf
18,97.0,Jordan Phillips,27.0,DT,16.0,9.0,0,1,1,100.0%,15,15.0,15.0,0,118.7,-5.0,-5,20,0,5,5,9.5,20,31,8,20.5%,buf
19,91.0,Ed Oliver,22.0,dt,16.0,7.0,0,1,1,100.0%,8,8.0,8.0,0,100.0,4.0,4,4,0,4,3,5.0,12,43,3,6.5%,buf
20,51.0,Julian Stanford,29.0,,16.0,0.0,0,1,1,100.0%,5,5.0,5.0,0,87.5,4.0,4,1,5,0,0,0.0,0,8,1,11.1%,buf
21,55.0,Jerry Hughes,31.0,DE,16.0,16.0,0,0,0,,0,,,0,,,0,0,1,8,4,4.5,17,23,6,20.7%,buf
22,92.0,Darryl Johnson,22.0,,16.0,0.0,0,0,0,,0,,,0,,,0,0,0,3,1,1.0,5,15,0,0.0%,buf
23,94.0,Corey Liuget,29.0,,7.0,0.0,0,0,0,,18,,,0,,,-1,19,0,0,0,1.0,1,10,0,0.0%,buf
24,99.0,Harrison Phillips,23.0,,3.0,0.0,0,0,0,,0,,,0,,,0,0,0,0,0,0.5,1,3,0,0.0%,buf
25,94.0,Kyle Peko,26.0,,4.0,0.0,0,0,0,,0,,,0,,,0,0,0,1,0,0.0,1,4,0,0.0%,buf
26,96.0,Vincent Taylor,25.0,,3.0,0.0,0,0,0,,0,,,0,,,0,0,0,1,0,0.0,1,6,0,0.0%,buf
27,,Team Total,,,,,14,530,348,62.9%,3421,9.8,6.5,15,78.8,7.2,1849,1599,275,58,41,44.0,147,987,132,11.8%,buf
0,27,Darryl Roberts,29,CB,13,10,1,84,54,64.3%,593,11.0,7.1,6,103.9,9.0,441,152,7,1,1,0.0,2,63,4,6.0%,nyj
1,58,James Burgess,25,LB,10,10,1,65,44,67.7%,467,10.6,7.2,3,97.4,3.7,175,292,48,2,0,0.5,3,80,9,10.1%,nyj
2,34,Brian Poole,27,CB,14,10,1,64,40,62.5%,431,10.8,6.7,3,91.3,6.8,142,289,25,3,5,0.0,8,59,5,7.8%,nyj
3,46,Neville Hewitt,26,LB,12,12,2,51,26,51.0%,276,10.6,5.4,4,76.9,7.0,155,121,52,0,5,3.0,8,75,12,13.8%,nyj
4,23,Arthur Maulet,26,cb,12,6,1,42,28,66.7%,269,9.6,6.4,0,74.4,8.6,167,102,1,0,0,0.0,0,38,6,13.6%,nyj
5,33,Jamal Adams*+,24,S,14,14,1,38,21,55.3%,187,8.9,4.9,2,75.2,6.6,129,58,90,3,6,6.5,16,75,4,5.1%,nyj
6,31,Blessuan Austin,23,cb,7,6,0,37,23,62.2%,265,11.5,7.2,1,92.7,8.5,173,92,0,0,0,0.0,0,25,6,19.4%,nyj
7,21,Nate Hairston,25,cb,11,6,1,34,24,70.6%,395,16.5,11.6,3,126.5,10.4,203,192,4,0,1,0.0,1,24,8,25.0%,nyj
8,20,Marcus Maye,26,S,16,16,1,32,16,50.0%,321,20.1,10.0,3,103.8,15.7,230,91,5,0,0,0.0,0,65,6,8.5%,nyj
9,22,Trumaine Johnson,29,cb,7,5,1,27,20,74.1%,219,11.0,8.1,1,94.5,10.4,152,67,2,0,0,0.0,0,25,0,0.0%,nyj
10,53,Blake Cashman,23,lb,7,5,0,26,20,76.9%,151,7.6,5.8,0,90.4,5.1,74,77,39,2,2,0.5,5,40,3,7.0%,nyj
11,26,Maurice Canady,25,cb,8,2,0,19,12,63.2%,151,12.6,7.9,0,87.8,11.3,122,29,2,0,0,0.0,0,25,1,3.8%,nyj
12,51,Brandon Copeland,28,lb,12,3,0,18,13,72.2%,104,8.0,5.8,1,104.9,5.7,58,46,29,0,0,1.5,2,42,9,17.6%,nyj
13,93,Tarell Basham,25,lb,16,2,1,10,9,90.0%,70,7.8,7.0,0,56.2,5.5,38,32,32,10,2,2.0,14,33,2,5.7%,nyj
14,48,Jordan Jenkins,25,LB,14,13,0,7,6,85.7%,24,4.0,3.4,0,81.0,1.3,-2,26,58,4,4,8.0,16,32,3,8.6%,nyj
15,,,,,Games,Games,Pass Coverage,Pass Coverage,Pass Coverage,Pass Coverage,Pass Coverage,Pass Coverage,Pass Coverage,Pass Coverage,Pass Coverage,Pass Coverage,Pass Coverage,Pass Coverage,Pass Rush,Pass Rush,Pass Rush,Pass Rush,Pass Rush,Tackles,Tackles,Tackles,nyj
16,No.,Player,Age,Pos,G,GS,Int,Tgt,Cmp,Cmp%,Yds,Yds/Cmp,Yds/Tgt,TD,Rat,DADOT,Air,YAC,Bltz,Hrry,QBKD,Sk,Prss,Comb,MTkl,MTkl%,nyj
17,35,Kyron Brown,23,cb,3,1,0,7,4,57.1%,44,11.0,6.3,0,75.9,9.3,30,14,0,0,0,0.0,0,5,1,16.7%,nyj
18,57,C.J. Mosley,27,lb,2,2,1,7,4,57.1%,49,12.3,7.0,0,39.3,10.1,37,12,17,0,0,0.0,0,9,0,0.0%,nyj
19,98,Kyle Phillips,24,dl,15,4,0,3,3,100.0%,40,13.3,13.3,0,118.7,2.0,6,34,0,5,2,1.5,9,39,4,9.3%,nyj
20,96,Henry Anderson,28,DL,13,13,0,3,3,100.0%,19,6.3,6.3,0,93.1,4.7,14,5,0,6,7,1.0,14,25,2,7.4%,nyj
21,50,Frankie Luvu,23,,13,0,0,3,3,100.0%,20,6.7,6.7,0,94.4,5.7,14,6,3,1,1,1.0,3,12,2,14.3%,nyj
22,44,Harvey Langi,27,lb,16,3,0,3,2,66.7%,28,14.0,9.3,0,96.5,8.3,16,12,5,0,0,0.0,0,16,0,0.0%,nyj
23,99,Steve McLendon,33,DL,16,16,0,2,2,100.0%,39,19.5,19.5,1,158.3,-5.0,-10,49,0,4,3,2.5,10,36,2,5.3%,nyj
24,47,Albert McClellan,33,,5,0,0,2,2,100.0%,32,16.0,16.0,0,118.7,5.5,11,21,1,0,0,0.0,0,9,0,0.0%,nyj
25,97,Nathan Shepherd,26,,9,0,0,1,1,100.0%,1,1.0,1.0,0,79.2,-1.0,-1,2,0,0,4,2.0,6,11,0,0.0%,nyj
26,94,Folorunso Fatukasi,24,,14,0,0,1,1,100.0%,7,7.0,7.0,0,95.8,6.0,6,1,0,2,2,1.0,5,27,1,3.6%,nyj
27,60,Jordan Willis,24,,9,0,0,1,1,100.0%,15,15.0,15.0,0,118.7,9.0,9,6,1,0,0,1.0,1,7,0,0.0%,nyj
28,92,Leonard Williams,25,dl,7,7,0,1,1,100.0%,6,6.0,6.0,0,91.7,6.0,6,0,0,2,4,0.0,6,20,2,9.1%,nyj
29,95,Quinnen Williams,22,DL,13,9,0,0,0,,0,,,0,,,0,0,0,5,3,2.5,11,28,3,9.7%,nyj
30,91,Bronson Kaufusi,28,dl,3,1,0,0,0,,0,,,0,,,0,0,0,0,0,0.5,1,3,0,0.0%,nyj
31,49,B.J. Bello,25,,8,0,0,0,0,,0,,,0,,,0,0,0,0,0,0.0,0,5,1,16.7%,nyj
32,45,Rontez Miles,31,,7,0,0,0,0,,0,,,0,,,0,0,1,0,0,0.0,0,7,0,0.0%,nyj
33,,Team Total,,,,,12,588,363,62.1%,4001,11.0,7.2,25,88.0,7.8,2395,1828,422,50,52,35.0,141,997,96,8.8%,nyj
0,40,Nik Needham,23,CB/db,12,11,2,74,43,58.1%,646,15.0,8.7,8,111.7,12.1,453,193,9,1,2,1.0,4,54,8,12.9%,mia
1,21,Eric Rowe,27,CB,16,15,1,71,41,57.7%,465,11.3,6.5,2,81.0,10.8,288,177,14,1,0,0.0,1,81,6,6.9%,mia
2,33,Jomal Wiltz,25,cb,14,6,1,66,42,63.6%,462,11.0,7.0,4,98.2,8.7,300,162,14,1,0,0.0,1,58,10,14.7%,mia
3,55,Jerome Baker,23,LB,16,15,1,49,37,75.5%,402,10.9,8.2,1,97.5,6.1,173,229,75,3,3,1.5,8,126,6,4.5%,mia
4,24,Ryan Lewis,25,cb,8,3,1,36,21,58.3%,344,16.4,9.6,1,88.2,15.9,272,72,0,0,0,0.0,0,24,1,4.0%,mia
5,31,Ken Webster,23,cb,8,5,0,27,14,51.9%,219,15.6,8.1,1,91.4,16.3,188,31,0,0,0,0.0,0,19,1,5.0%,mia
6,25,Xavien Howard,26,cb,5,5,1,26,17,65.4%,237,13.9,9.1,3,117.0,11.0,133,104,1,0,0,0.0,0,17,3,15.0%,mia
7,28,Bobby McCain,26,S,9,8,2,18,12,66.7%,157,13.1,8.7,3,94.0,13.3,121,36,13,1,0,0.0,1,25,10,28.6%,mia
8,30,Chris Lammons,23,,12,0,1,16,12,75.0%,176,14.7,11.0,2,124.0,14.1,126,50,4,0,0,0.0,0,13,2,13.3%,mia
9,22,Tae Hayes,22,,2,0,0,16,4,25.0%,55,13.8,3.4,0,41.4,17.3,39,16,2,0,0,0.0,0,7,1,12.5%,mia
10,30,Nate Brooks,23,db,3,2,0,15,8,53.3%,127,15.9,8.5,1,104.0,13.3,106,21,0,0,0,0.0,0,11,0,0.0%,mia
11,26,Steven Parker,24,s,14,4,2,13,7,53.8%,115,16.4,8.8,3,83.8,8.8,54,61,3,0,0,0.0,0,20,3,13.0%,mia
12,20,Reshad Jones,31,s,4,4,0,12,10,83.3%,130,13.0,10.8,2,151.4,6.3,71,59,8,1,0,0.0,1,27,2,6.9%,mia
13,52,Raekwon McMillan,24,LB,13,12,0,12,10,83.3%,104,10.4,8.7,0,102.8,3.8,29,75,24,0,2,0.0,2,72,9,11.1%,mia
14,35,Walt Aikens,28,,15,0,0,10,10,100.0%,134,13.4,13.4,1,152.1,6.5,65,69,5,0,0,0.0,0,21,0,0.0%,mia
15,,,,,Games,Games,Pass Coverage,Pass Coverage,Pass Coverage,Pass Coverage,Pass Coverage,Pass Coverage,Pass Coverage,Pass Coverage,Pass Coverage,Pass Coverage,Pass Coverage,Pass Coverage,Pass Rush,Pass Rush,Pass Rush,Pass Rush,Pass Rush,Tackles,Tackles,Tackles,mia
16,No.,Player,Age,Pos,G,GS,Int,Tgt,Cmp,Cmp%,Yds,Yds/Cmp,Yds/Tgt,TD,Rat,DADOT,Air,YAC,Bltz,Hrry,QBKD,Sk,Prss,Comb,MTkl,MTkl%,mia
17,49,Samuel Eguavoen,26,lb,16,6,0,10,7,70.0%,61,8.7,6.1,0,85.8,4.1,27,34,63,1,4,3.5,9,42,7,14.3%,mia
18,20,Ken Crawley,26,cb,4,2,0,8,7,87.5%,68,9.7,8.5,0,102.1,12.4,28,40,0,0,0,0.0,0,6,3,33.3%,mia
19,41,Montre Hartage,22,,4,0,0,8,7,87.5%,78,11.1,9.8,1,146.9,7.8,44,34,0,0,0,0.0,0,8,0,0.0%,mia
20,29,Minkah Fitzpatrick*+,23,s,2,2,0,7,7,100.0%,135,19.3,19.3,3,158.3,9.7,68,67,0,0,0,0.0,0,12,2,14.3%,mia
21,47,Vince Biegel,26,LB,15,10,1,7,5,71.4%,23,4.6,3.3,0,35.7,1.4,0,23,68,6,9,2.5,18,59,6,9.2%,mia
22,36,Adrian Colbert,26,db/s,6,5,0,6,2,33.3%,11,5.5,1.8,1,81.9,30.7,9,2,1,1,0,0.0,1,22,5,18.5%,mia
23,32,Linden Stephens,24,,3,0,0,4,4,100.0%,52,13.0,13.0,0,118.7,11.0,44,8,0,0,0,0.0,0,3,0,0.0%,mia
24,96,Taco Charlton,25,de,10,5,0,3,3,100.0%,31,10.3,10.3,0,109.7,1.3,4,27,3,3,2,5.0,10,21,0,0.0%,mia
25,43,Andrew Van Ginkel,24,lb,6,1,0,3,3,100.0%,14,4.7,4.7,0,86.1,0.7,2,12,24,0,3,1.0,4,15,2,11.8%,mia
26,56,Davon Godchaux,25,DT,16,16,0,2,2,100.0%,22,11.0,11.0,0,112.5,-1.0,-2,24,1,1,4,2.0,8,75,7,8.5%,mia
27,94,Christian Wilkins,24,DT,16,14,0,2,2,100.0%,10,5.0,5.0,0,87.5,4.5,4,6,0,8,2,2.0,12,56,3,5.1%,mia
28,97,Trent Harris,24,lb,11,3,0,2,2,100.0%,17,8.5,8.5,0,102.1,6.0,12,5,16,2,1,1.5,5,22,3,12.0%,mia
29,24,Johnson Bademosi,29,,4,0,0,2,2,100.0%,18,9.0,9.0,0,104.2,3.5,7,11,0,0,0,0.0,0,5,0,0.0%,mia
30,48,Calvin Munson,25,lb,2,2,0,2,2,100.0%,16,8.0,8.0,0,100.0,2.5,5,11,4,0,0,0.0,0,7,3,30.0%,mia
31,90,Charles Harris,24,de,14,5,0,1,1,100.0%,5,5.0,5.0,0,87.5,-3.0,-3,8,1,1,5,0.5,7,23,3,11.5%,mia
32,,,,,Games,Games,Pass Coverage,Pass Coverage,Pass Coverage,Pass Coverage,Pass Coverage,Pass Coverage,Pass Coverage,Pass Coverage,Pass Coverage,Pass Coverage,Pass Coverage,Pass Coverage,Pass Rush,Pass Rush,Pass Rush,Pass Rush,Pass Rush,Tackles,Tackles,Tackles,mia
33,No.,Player,Age,Pos,G,GS,Int,Tgt,Cmp,Cmp%,Yds,Yds/Cmp,Yds/Tgt,TD,Rat,DADOT,Air,YAC,Bltz,Hrry,QBKD,Sk,Prss,Comb,MTkl,MTkl%,mia
34,93,Avery Moss,25,DE,11,8,0,1,1,100.0%,1,1.0,1.0,0,79.2,-2.0,-2,3,10,0,0,0.0,0,25,4,13.8%,mia
35,95,John Jenkins,30,dt,16,5,0,0,0,,0,,,0,,,0,0,0,1,0,1.0,2,34,3,8.1%,mia
36,92,Zach Sieler,24,dt,3,1,0,0,0,,0,,,0,,,0,0,0,1,0,1.0,2,8,1,11.1%,mia
37,98,Jonathan Ledbetter,22,de,1,1,0,0,0,,0,,,0,,,0,0,0,1,0,0.5,2,4,1,20.0%,mia
38,51,James Crawford,25,,3,0,0,0,0,,0,,,0,,,0,0,3,0,0,0.0,0,1,0,0.0%,mia
39,53,Gerald Willis,24,,2,0,0,0,0,,0,,,0,,,0,0,0,1,0,0.0,1,2,0,0.0%,mia
40,,Team Total,,,,,13,529,344,63.1%,4353,12.7,8.2,39,101.9,10.6,2686,1671,366,35,37,23.0,99,1054,115,9.8%,mia
0,44,Marlon Humphrey*+,23,CB,16,15,3,88,51,58.0%,440,8.6,5.0,3,68.4,9.4,284,156,37,2,1,0.0,3,65,13,16.7%,rav
1,22,Marcus Peters*+,26,CB,10,9,3,65,37,56.9%,356,9.6,5.5,2,63.4,9.7,209,147,1,0,0,0.0,0,39,5,11.4%,rav
2,24,Brandon Carr,33,CB,16,16,0,64,35,54.7%,406,11.6,6.3,5,100.1,10.3,282,124,30,2,4,2.0,8,49,11,18.3%,rav
3,22,Jimmy Smith,31,cb,9,5,1,50,28,56.0%,329,11.8,6.6,0,67.8,10.2,181,148,1,0,0,1.0,1,30,1,3.2%,rav
4,34,Anthony Averett,25,cb,9,3,0,36,21,58.3%,277,13.2,7.7,1,92.0,13.5,217,60,1,0,0,0.0,0,15,3,16.7%,rav
5,36,Chuck Clark,24,S,16,12,1,35,22,62.9%,193,8.8,5.5,1,75.1,5.6,106,87,97,5,1,1.0,7,73,7,8.8%,rav
6,48,Patrick Onwuasor,27,lb,14,6,0,34,30,88.2%,424,14.1,12.5,0,118.6,5.2,141,283,63,3,3,3.0,9,64,6,8.6%,rav
7,26,Maurice Canady,25,db,5,1,1,30,19,63.3%,187,9.8,6.2,0,66.9,10.8,164,23,0,0,0,0.0,0,21,1,4.5%,rav
8,29,Earl Thomas*,30,S,15,15,2,25,11,44.0%,113,10.3,4.5,0,24.2,12.4,74,39,54,1,2,2.0,6,49,8,14.0%,rav
9,58,L.J. Fort,29,LB,12,8,0,16,11,68.8%,95,8.6,5.9,0,84.1,2.1,9,86,26,4,0,2.0,6,35,4,10.3%,rav
10,57,Josh Bynes,30,lb,12,7,2,16,11,68.8%,106,9.6,6.6,0,47.4,1.6,16,90,37,2,1,1.0,4,46,6,11.5%,rav
11,23,Tony Jefferson,27,s,5,5,0,14,8,57.1%,247,30.9,17.6,2,141.4,13.6,103,144,14,1,0,0.0,1,21,4,16.0%,rav
12,99,Matt Judon*,27,LB,16,16,0,11,8,72.7%,78,9.8,7.1,0,92.2,4.1,13,65,150,4,17,9.5,31,54,9,14.3%,rav
13,41,Anthony Levine,32,,16,0,0,10,7,70.0%,73,10.4,7.3,0,90.8,6.8,34,39,27,1,2,0.0,3,14,2,12.5%,rav
14,54,Tyus Bowser,24,,16,0,0,5,2,40.0%,8,4.0,1.6,0,47.9,0.8,-1,9,84,4,5,5.0,14,24,1,4.0%,rav
15,,,,,Games,Games,Pass Coverage,Pass Coverage,Pass Coverage,Pass Coverage,Pass Coverage,Pass Coverage,Pass Coverage,Pass Coverage,Pass Coverage,Pass Coverage,Pass Coverage,Pass Coverage,Pass Rush,Pass Rush,Pass Rush,Pass Rush,Pass Rush,Tackles,Tackles,Tackles,rav
16,No.,Player,Age,Pos,G,GS,Int,Tgt,Cmp,Cmp%,Yds,Yds/Cmp,Yds/Tgt,TD,Rat,DADOT,Air,YAC,Bltz,Hrry,QBKD,Sk,Prss,Comb,MTkl,MTkl%,rav
17,40,Kenny Young,25,lb,5,3,0,4,4,100.0%,80,20.0,20.0,1,158.3,1.0,4,76,7,0,2,0.0,2,13,1,7.1%,rav
18,90,Pernell McPhee,31,lb,7,7,0,3,3,100.0%,17,5.7,5.7,0,90.3,0.7,2,15,43,3,3,3.0,9,19,0,0.0%,rav
19,45,Jaylon Ferguson,24,LB,14,9,0,2,2,100.0%,-4,-2.0,-2.0,0,79.2,-4.0,-8,4,110,4,6,2.5,13,31,3,8.8%,rav
20,49,Chris Board,24,,15,0,0,2,2,100.0%,32,16.0,16.0,0,118.7,7.0,14,18,4,0,0,0.0,0,10,0,0.0%,rav
21,28,Justin Bethel,29,,7,0,0,2,1,50.0%,29,29.0,14.5,0,95.8,19.5,29,0,0,0,0,0.0,0,6,1,14.3%,rav
22,32,DeShon Elliott,22,,6,0,0,2,1,50.0%,18,18.0,9.0,0,81.2,17.5,15,3,1,0,0,0.0,0,6,0,0.0%,rav
23,51,Jihad Ward,25,,11,0,0,1,1,100.0%,45,45.0,45.0,0,118.7,13.0,13,32,8,1,3,1.0,5,7,1,12.5%,rav
24,27,Cyrus Jones,26,cb,8,1,0,1,1,100.0%,13,13.0,13.0,0,118.7,11.0,11,2,0,0,0,0.0,0,4,0,0.0%,rav
25,93,Chris Wormley,26,de,16,7,0,0,0,,0,,,0,,,0,0,0,4,4,1.5,10,33,1,2.9%,rav
26,42,Patrick Ricard*,25,fb,16,7,0,0,0,,0,,,0,,,0,0,10,0,1,1.0,2,9,1,10.0%,rav
27,98,Brandon Williams,30,DT,14,14,0,0,0,,0,,,0,,,0,0,0,0,3,1.0,4,34,1,2.9%,rav
28,97,Michael Pierce,27,DT,14,14,0,0,0,,0,,,0,,,0,0,1,1,1,0.5,3,35,1,2.8%,rav
29,94,Domata Peko,35,dt/nt,7,3,0,0,0,,0,,,0,,,0,0,0,0,0,0.0,0,14,1,6.7%,rav
30,95,Zach Sieler,24,,4,0,0,0,0,,0,,,0,,,0,0,0,2,0,0.0,2,3,1,25.0%,rav
31,31,Brynden Trawick,30,,6,0,0,0,0,,0,,,0,,,0,0,1,0,0,0.0,0,6,0,0.0%,rav
32,56,Tim Williams,26,,4,0,0,0,0,,0,,,0,,,0,0,8,0,0,0.0,0,2,0,0.0%,rav
33,,Team Total,,,,,13,516,318,58.5%,3583,11.3,6.9,15,77.5,8.9,1912,1650,815,44,59,37.0,143,860,93,9.8%,rav
0,23.0,Joe Haden*,30.0,CB,16.0,16.0,5,82,44,53.7%,487,11.1,5.9,5,66.5,11.7,349,138,1,0,1,0.0,1,65,10,13.3%,pit
1,22.0,Steven Nelson,26.0,CB,15.0,15.0,1,74,37,50.0%,491,13.3,6.6,0,65.8,13.1,393,98,1,0,0,0.0,0,61,6,9.0%,pit
2,26.0,Mark Barron,30.0,LB,15.0,9.0,1,71,52,73.2%,502,9.7,7.1,2,96.1,3.8,181,321,39,1,0,3.0,5,82,5,5.7%,pit
3,55.0,Devin Bush,21.0,LB,16.0,15.0,2,68,46,67.6%,435,9.5,6.4,5,97.4,3.9,191,244,37,2,1,1.0,4,109,14,11.4%,pit
4,28.0,Mike Hilton,25.0,CB,16.0,8.0,1,55,30,54.5%,352,11.7,6.4,3,84.8,8.4,229,123,54,2,3,1.5,7,65,4,5.8%,pit
5,34.0,Terrell Edmunds,22.0,S,16.0,16.0,0,50,36,72.0%,514,14.3,10.3,4,131.6,11.5,405,109,19,0,2,0.0,2,105,11,9.5%,pit
6,20.0,Cameron Sutton,24.0,,16.0,0.0,1,25,14,56.0%,132,9.4,5.3,0,54.1,11.1,84,48,3,0,0,1.0,1,16,2,11.1%,pit
7,39.0,Minkah Fitzpatrick*+,23.0,db/S,14.0,14.0,5,25,13,52.0%,163,12.5,6.5,1,46.3,14.9,127,36,7,0,1,0.0,1,57,7,10.9%,pit
8,98.0,Vince Williams,30.0,LB,14.0,8.0,0,15,13,86.7%,117,9.0,7.8,1,121.4,6.1,81,36,24,3,5,2.5,11,55,4,6.8%,pit
9,29.0,Kameron Kelly,23.0,db,14.0,1.0,1,10,10,100.0%,141,14.1,14.1,2,118.7,9.7,97,44,1,0,0,0.0,0,21,4,16.0%,pit
10,48.0,Bud Dupree,26.0,LB,16.0,16.0,0,8,7,87.5%,67,9.6,8.4,0,101.6,-0.4,-9,76,98,11,5,11.5,28,68,12,15.0%,pit
11,21.0,Sean Davis,26.0,s,1.0,1.0,0,6,5,83.3%,65,13.0,10.8,2,151.4,14.3,53,12,0,0,0,0.0,0,5,1,16.7%,pit
12,90.0,T.J. Watt*+,25.0,LB,16.0,16.0,2,5,2,40.0%,13,6.5,2.6,0,8.3,3.6,0,13,80,23,19,14.5,59,55,8,12.7%,pit
13,25.0,Artie Burns,24.0,cb,10.0,1.0,0,4,4,100.0%,52,13.0,13.0,1,158.3,12.3,45,7,0,0,0,0.0,0,8,0,0.0%,pit
14,97.0,Cameron Heyward*+,30.0,DT,16.0,16.0,0,4,2,50.0%,17,8.5,4.3,0,61.5,-3.0,-8,25,0,11,12,9.0,33,83,6,6.7%,pit
15,79.0,Javon Hargrave,26.0,NT,16.0,13.0,0,1,1,100.0%,12,12.0,12.0,0,116.7,-6.0,-6,18,0,8,2,4.0,14,60,5,7.7%,pit
16,94.0,Tyson Alualu,32.0,de,16.0,5.0,0,1,1,100.0%,18,18.0,18.0,0,118.7,-6.0,-6,24,0,3,2,1.0,6,41,3,6.8%,pit
17,92.0,Olasunkanmi Adeniyi,22.0,,16.0,0.0,0,1,1,100.0%,-1,-1.0,-1.0,0,79.2,-4.0,-4,3,2,0,0,0.0,0,8,0,0.0%,pit
18,56.0,Anthony Chickillo,27.0,,11.0,0.0,0,1,0,0.0%,0,,0.0,0,39.6,0.0,0,0,8,1,0,0.5,2,19,0,0.0%,pit
19,91.0,Stephon Tuitt,26.0,de,6.0,6.0,0,0,0,,0,,,0,,,0,0,0,4,2,3.5,10,22,3,12.0%,pit
20,37.0,Jordan Dangerfield,29.0,,16.0,0.0,0,0,0,,0,,,0,,,0,0,0,0,1,0.0,1,13,0,0.0%,pit
21,40.0,Jayrone Elliott,28.0,,5.0,0.0,0,0,0,,0,,,0,,,0,0,2,0,0,0.0,0,4,0,0.0%,pit
22,44.0,Tyler Matakevich,27.0,,16.0,0.0,0,0,0,,8,,,0,,,5,3,0,0,0,0.0,0,18,1,5.3%,pit
23,93.0,Daniel McCullers,27.0,,16.0,0.0,0,0,0,,0,,,0,,,0,0,0,1,0,0.0,1,8,0,0.0%,pit
24,,Team Total,,,,,20,506,314,61.1%,3455,11.0,7.1,23,79.7,8.8,2207,1378,376,70,56,53.0,186,1089,106,8.9%,pit
0,21.0,Denzel Ward,22.0,CB,12.0,12.0,2,83,40,48.2%,517,12.9,6.2,1,62.2,11.0,323,194,6,1,1,0.0,2,44,12,21.4%,cle
1,51.0,Mack Wilson,21.0,LB,16.0,14.0,1,69,49,71.0%,471,9.6,6.8,2,93.3,5.0,146,325,84,3,1,1.0,5,82,13,13.7%,cle
2,26.0,Greedy Williams,22.0,CB,12.0,12.0,0,62,38,61.3%,472,12.4,7.6,0,84.9,11.9,324,148,3,0,0,0.0,0,47,8,14.5%,cle
3,38.0,T.J. Carrie,29.0,cb,16.0,6.0,1,60,41,68.3%,524,12.8,8.7,3,105.1,8.6,303,221,37,3,1,1.0,5,52,10,16.1%,cle
4,53.0,Joe Schobert,26.0,LB,16.0,16.0,4,55,38,69.1%,357,9.4,6.5,3,74.6,7.1,208,149,74,1,2,2.0,5,133,16,10.7%,cle
5,23.0,Damarious Randall,27.0,S,11.0,11.0,0,42,24,57.1%,310,12.9,7.4,8,120.0,12.9,233,77,19,0,0,2.5,3,61,5,7.6%,cle
6,39.0,Terrance Mitchell,27.0,cb,15.0,4.0,1,30,18,60.0%,212,11.8,7.1,0,67.6,9.4,126,86,0,0,0,0.0,0,21,2,8.7%,cle
7,35.0,Jermaine Whitehead,26.0,S,8.0,8.0,1,25,17,68.0%,274,16.1,11.0,3,127.3,11.0,144,130,24,2,1,0.0,3,41,5,10.9%,cle
8,42.0,Morgan Burnett,30.0,s/ss,8.0,8.0,1,21,14,66.7%,178,12.7,8.5,2,104.9,12.0,114,64,16,2,1,2.0,5,41,4,8.9%,cle
9,22.0,Eric Murray,25.0,s,9.0,4.0,0,20,13,65.0%,119,9.2,6.0,0,81.0,9.4,76,43,16,0,0,1.0,1,24,8,25.0%,cle
10,31.0,Juston Burris,26.0,DB/s,14.0,9.0,2,18,11,61.1%,156,14.2,8.7,3,89.1,8.0,75,81,25,3,1,1.0,5,32,5,13.5%,cle
11,29.0,Sheldrick Redwine,23.0,s,12.0,5.0,0,16,9,56.3%,166,18.4,10.4,2,131.8,15.2,120,46,9,1,0,0.0,1,42,7,14.3%,cle
12,58.0,Christian Kirksey,27.0,lb,2.0,2.0,0,9,7,77.8%,116,16.6,12.9,1,155.8,-0.3,1,115,11,1,0,0.0,1,11,4,26.7%,cle
13,92.0,Chad Thomas,24.0,DE,16.0,8.0,0,5,4,80.0%,20,5.0,4.0,0,83.3,-0.2,-5,25,9,5,0,4.0,9,26,4,13.3%,cle
14,98.0,Sheldon Richardson,29.0,DT,16.0,15.0,0,2,2,100.0%,19,9.5,9.5,0,106.2,-8.0,-16,35,2,5,3,3.0,11,62,12,16.2%,cle
15,57.0,Adarius Taylor,29.0,,15.0,0.0,0,2,2,100.0%,18,9.0,9.0,0,104.2,6.5,13,5,2,0,0,0.0,0,9,1,10.0%,cle
16,44.0,Sione Takitaki,24.0,lb,15.0,1.0,0,2,2,100.0%,14,7.0,7.0,0,95.8,1.0,2,12,4,1,0,0.0,1,21,1,4.5%,cle
17,54.0,Olivier Vernon,29.0,DE,10.0,10.0,0,2,1,50.0%,-1,-1.0,-0.5,0,56.2,-0.5,-1,0,21,8,5,3.5,17,26,8,23.5%,cle
18,95.0,Myles Garrett,24.0,DE,10.0,10.0,0,1,1,100.0%,9,9.0,9.0,0,104.2,5.0,5,4,7,10,9,10.0,29,29,1,3.3%,cle
19,91.0,Bryan Cox,25.0,de,6.0,2.0,0,1,1,100.0%,-7,-7.0,-7.0,0,79.2,-6.0,-6,-1,4,3,4,0.5,8,12,4,25.0%,cle
20,50.0,Chris Smith,27.0,,9.0,0.0,0,1,1,100.0%,6,6.0,6.0,0,91.7,-3.0,-3,9,0,0,1,0.0,1,1,0,0.0%,cle
21,65.0,Larry Ogunjobi,25.0,DT,15.0,15.0,0,0,0,,0,,,0,,,0,0,0,10,6,5.5,22,50,5,9.1%,cle
22,58.0,Porter Gustin,22.0,,6.0,0.0,0,0,0,,0,,,0,,,0,0,3,1,1,1.0,3,13,1,7.1%,cle
23,54.0,Eli Ankou,25.0,dt,9.0,2.0,0,0,0,,0,,,0,,,0,0,0,0,0,0.0,0,7,1,12.5%,cle
24,96.0,Daniel Ekuale,25.0,,7.0,0.0,0,0,0,,0,,,0,,,0,0,0,1,0,0.0,1,4,0,0.0%,cle
25,99.0,Devaroe Lawrence,27.0,dt,11.0,2.0,1,0,0,,0,,,0,,,0,0,0,0,1,0.0,1,8,1,11.1%,cle
26,52.0,Rob McCray,23.0,,1.0,0.0,0,0,0,,0,,,0,,,0,0,2,1,0,0.0,1,1,0,0.0%,cle
27,92.0,Justin Zimmer,27.0,,2.0,0.0,0,0,0,,0,,,0,,,0,0,0,0,0,0.0,0,5,2,28.6%,cle
28,,Team Total,,,,,14,526,318,62.0%,3740,11.8,7.5,25,89.0,9.2,2182,1768,378,62,38,38.0,140,972,140,12.6%,cle
0,23.0,B.W. Webb,29.0,CB,15.0,12.0,1,72,42,58.3%,767,18.3,10.7,4,107.8,12.8,446,321,6,0,0,0.0,0,37,4,9.8%,cin
1,22.0,William Jackson,27.0,CB,14.0,13.0,1,67,39,58.2%,549,14.1,8.2,3,93.4,11.3,392,157,2,0,0,0.0,0,37,3,7.5%,cin
2,59.0,Nick Vigil,26.0,LB,16.0,16.0,1,56,38,67.9%,292,7.7,5.2,0,72.9,3.0,61,231,60,2,3,1.0,6,111,21,15.9%,cin
3,36.0,Shawn Williams,28.0,S,16.0,15.0,1,51,40,78.4%,577,14.4,11.3,2,118.7,9.7,384,193,47,2,2,1.0,5,114,20,14.9%,cin
4,30.0,Jessie Bates,22.0,S,16.0,16.0,3,48,30,62.5%,509,17.0,10.6,4,100.1,10.9,283,226,6,0,0,0.0,0,100,17,14.5%,cin
5,21.0,Darqueze Dennard,28.0,cb,9.0,5.0,0,35,17,48.6%,188,11.1,5.4,1,74.5,5.0,77,111,11,2,2,0.0,4,37,3,7.5%,cin
6,27.0,Dre Kirkpatrick,30.0,cb,6.0,6.0,0,30,19,63.3%,247,13.0,8.2,3,122.5,8.6,125,122,0,0,0,1.0,1,33,4,10.8%,cin
7,57.0,Germaine Pratt,23.0,LB,16.0,9.0,0,23,18,78.3%,215,11.9,9.3,1,120.1,4.5,84,131,28,2,0,0.0,2,76,7,8.4%,cin
8,29.0,Tony McRae,26.0,cb,16.0,2.0,0,19,14,73.7%,224,16.0,11.8,1,130.2,10.2,116,108,7,0,1,0.0,1,22,1,4.3%,cin
9,52.0,Preston Brown,27.0,LB,9.0,8.0,0,17,16,94.1%,132,8.3,7.8,1,118.6,2.5,46,86,16,0,0,0.0,0,54,1,1.8%,cin
10,24.0,Darius Phillips,24.0,cb,8.0,1.0,4,16,6,37.5%,144,24.0,9.0,2,70.8,18.5,125,19,3,1,0,0.0,1,5,0,0.0%,cin
11,40.0,Brandon Wilson,25.0,s,12.0,2.0,0,10,5,50.0%,100,20.0,10.0,0,85.4,15.7,70,30,4,0,0,0.0,0,24,3,11.1%,cin
12,58.0,Carl Lawson,24.0,de,12.0,2.0,0,9,7,77.8%,95,13.6,10.6,0,110.6,3.4,30,65,9,4,14,5.0,23,23,4,14.8%,cin
13,42.0,Clayton Fejedelem,26.0,,16.0,0.0,0,9,6,66.7%,91,15.2,10.1,0,99.8,19.8,63,28,3,1,0,0.0,1,15,0,0.0%,cin
14,94.0,Sam Hubbard,24.0,DE,15.0,15.0,0,7,5,71.4%,41,8.2,5.9,0,86.0,3.0,7,34,3,7,3,8.5,19,76,5,6.2%,cin
15,96.0,Carlos Dunlap,30.0,DE,14.0,14.0,0,4,4,100.0%,47,11.8,11.8,0,115.6,2.8,11,36,4,10,12,9.0,32,63,2,3.1%,cin
16,50.0,Jordan Evans,24.0,,16.0,0.0,0,4,2,50.0%,7,3.5,1.8,0,56.2,7.8,6,1,2,0,0,0.0,0,12,0,0.0%,cin
17,97.0,Geno Atkins*,31.0,DT,16.0,14.0,0,1,1,100.0%,16,16.0,16.0,0,118.7,-4.0,-4,20,0,10,5,4.5,20,47,6,11.3%,cin
18,20.0,Torry McTyer,24.0,,5.0,0.0,0,1,1,100.0%,9,9.0,9.0,0,104.2,9.0,9,0,0,0,0,0.0,0,2,0,0.0%,cin
19,56.0,Hardy Nickerson,25.0,,7.0,0.0,0,1,1,100.0%,4,4.0,4.0,0,83.3,4.0,4,0,3,0,0,0.0,0,6,0,0.0%,cin
20,50.0,LaRoy Reynolds,29.0,,15.0,0.0,0,1,1,100.0%,10,10.0,10.0,1,147.9,4.0,4,6,6,0,1,0.0,1,6,0,0.0%,cin
21,98.0,Ryan Glasgow,26.0,dt,5.0,2.0,0,1,0,0.0%,0,,0.0,0,39.6,0.0,0,0,0,0,2,0.0,2,7,0,0.0%,cin
22,26.0,Greg Mabin,25.0,,9.0,0.0,0,1,0,0.0%,23,,23.0,1,118.7,12.0,-7,30,0,0,0,0.0,0,2,0,0.0%,cin
23,99.0,Andrew Billings,24.0,DT,16.0,14.0,0,0,0,,0,,,0,,,0,0,0,2,2,1.0,5,35,4,10.3%,cin
24,93.0,Andrew Brown,24.0,de,14.0,1.0,0,0,0,,0,,,0,,,0,0,0,2,1,0.0,3,14,3,17.6%,cin
25,91.0,Josh Tupou,25.0,dt,16.0,7.0,0,0,0,,0,,,0,,,0,0,0,4,0,0.0,4,27,1,3.6%,cin
26,95.0,Renell Wren,24.0,dt,11.0,2.0,0,0,0,,0,,,0,,,0,0,0,1,0,0.0,1,8,0,0.0%,cin
27,,Team Total,,,,,11,483,308,61.7%,4121,13.4,8.9,25,95.4,9.1,2332,1955,220,50,48,31.0,131,1019,109,9.7%,cin
0,29,Avonte Maddox,23,cb/db,12,6,0,75,46,61.3%,495,10.8,6.6,1,85.1,8.6,274,221,7,1,1,1.0,3,47,5,9.6%,phi
1,32,Rasul Douglas,24,cb,16,6,0,72,41,56.9%,656,16.0,9.1,6,115.3,13.4,464,192,2,0,1,0.0,1,35,2,5.4%,phi
2,21,Ronald Darby,25,CB,11,11,2,67,43,64.2%,705,16.4,10.5,6,116.8,15.3,550,155,2,0,0,0.0,0,37,7,15.9%,phi
3,27,Malcolm Jenkins,32,S,16,16,0,56,35,62.5%,354,10.1,6.3,0,80.5,7.2,194,160,75,3,5,2.5,12,81,6,6.9%,phi
4,31,Jalen Mills,25,DB,9,9,1,54,31,57.4%,530,17.1,9.8,4,107.8,14.4,378,152,2,0,0,0.0,0,41,3,6.8%,phi
5,47,Nathan Gerry,24,LB,16,12,2,43,29,67.4%,243,8.4,5.7,1,70.2,2.4,56,187,37,0,2,2.5,5,78,14,15.2%,phi
6,53,Nigel Bradham,30,LB,12,12,1,35,27,77.1%,238,8.8,6.8,0,82.8,7.5,149,89,48,2,1,0.0,3,61,8,11.6%,phi
7,23,Rodney McLeod,29,S,16,16,2,32,20,62.5%,251,12.6,7.8,2,81.6,9.5,173,78,25,5,0,1.0,6,76,13,14.6%,phi
8,22,Sidney Jones,23,cb,12,4,2,31,16,51.6%,210,13.1,6.8,2,67.9,11.7,104,106,1,0,0,0.0,0,23,2,8.0%,phi
9,42,Andrew Sendejo,32,s,9,1,1,15,9,60.0%,132,14.7,8.8,2,100.6,6.7,76,56,7,0,1,1.0,2,28,3,9.7%,phi
10,54,Kamu Grugier-Hill,25,lb,10,6,0,14,12,85.7%,98,8.2,7.0,0,95.8,2.4,20,78,18,1,0,0.0,1,23,3,11.5%,phi
11,52,Zach Brown,30,lb,6,6,0,13,9,69.2%,86,9.6,6.6,0,87.3,1.5,14,72,10,0,0,0.0,0,31,2,6.1%,phi
12,34,Cre'von LeBlanc,25,cb,4,1,0,9,6,66.7%,44,7.3,4.9,0,78.0,3.0,13,31,3,0,0,0.0,0,8,0,0.0%,phi
13,39,Craig James,23,cb,14,1,0,9,5,55.6%,49,9.8,5.4,1,108.1,11.7,27,22,2,0,0,0.0,0,15,1,6.3%,phi
14,55,Brandon Graham,31,DE,16,16,0,7,7,100.0%,27,3.9,3.9,0,82.7,-2.9,-20,47,1,13,8,8.5,30,50,12,19.4%,phi
15,,,,,Games,Games,Pass Coverage,Pass Coverage,Pass Coverage,Pass Coverage,Pass Coverage,Pass Coverage,Pass Coverage,Pass Coverage,Pass Coverage,Pass Coverage,Pass Coverage,Pass Coverage,Pass Rush,Pass Rush,Pass Rush,Pass Rush,Pass Rush,Tackles,Tackles,Tackles,phi
16,No.,Player,Age,Pos,G,GS,Int,Tgt,Cmp,Cmp%,Yds,Yds/Cmp,Yds/Tgt,TD,Rat,DADOT,Air,YAC,Bltz,Hrry,QBKD,Sk,Prss,Comb,MTkl,MTkl%,phi
17,37,Marcus Epps,23,,7,0,0,6,4,66.7%,68,17.0,11.3,0,104.9,20.0,65,3,1,0,0,0.0,0,5,0,0.0%,phi
18,57,T.J. Edwards,23,lb,16,4,0,5,2,40.0%,21,10.5,4.2,0,52.9,6.8,13,8,1,0,0,0.0,0,30,1,3.2%,phi
19,38,Orlando Scandrick,32,cb,3,1,0,3,2,66.7%,17,8.5,5.7,0,81.2,13.3,11,6,3,1,0,2.0,3,7,1,12.5%,phi
20,42,Duke Riley,25,,12,0,0,3,2,66.7%,5,2.5,1.7,0,70.1,4.7,-1,6,1,0,0,0.0,0,14,0,0.0%,phi
21,75,Vinny Curry,31,de,16,2,0,2,2,100.0%,13,6.5,6.5,0,93.7,5.0,10,3,0,7,6,5.0,18,27,1,3.6%,phi
22,91,Fletcher Cox*,29,DT,16,16,0,2,1,50.0%,10,10.0,5.0,0,64.6,2.0,-1,11,0,10,6,3.5,21,40,5,11.1%,phi
23,96,Derek Barnett,23,DE,14,14,0,1,1,100.0%,14,14.0,14.0,0,118.7,11.0,11,3,2,4,15,6.5,26,30,3,9.1%,phi
24,94,Josh Sweat,22,,16,0,0,1,1,100.0%,1,1.0,1.0,1,118.7,1.0,1,0,2,5,5,4.0,15,21,0,0.0%,phi
25,74,Daeshon Hall,24,,9,0,0,1,1,100.0%,9,9.0,9.0,0,104.2,5.0,5,4,0,0,0,1.0,1,6,1,14.3%,phi
26,37,Johnathan Cyprien,29,,4,0,0,1,1,100.0%,0,0.0,0.0,0,79.2,-2.0,-2,2,0,0,0,0.0,0,2,0,0.0%,phi
27,60,Anthony Rush,23,,9,0,0,1,1,100.0%,7,7.0,7.0,0,95.8,2.0,2,5,0,0,0,0.0,0,9,0,0.0%,phi
28,55,Genard Avery,24,,8,0,0,1,0,0.0%,0,,0.0,0,39.6,8.0,0,0,2,0,0,0.5,1,5,0,0.0%,phi
29,93,Timmy Jernigan,27,DT,10,9,0,0,0,,0,,,0,,,0,0,0,0,1,2.0,3,10,1,9.1%,phi
30,98,Hassan Ridgeway,25,dt,7,5,0,0,0,,0,,,0,,,0,0,0,2,2,2.0,6,8,3,27.3%,phi
31,90,Bruce Hector,25,dt,3,1,0,0,0,,0,,,0,,,0,0,0,0,1,0.0,1,0,0,,phi
32,67,Albert Huggins,22,,4,0,0,0,0,,0,,,0,,,0,0,0,1,1,0.0,2,3,0,0.0%,phi
33,,Team Total,,,,,11,559,348,60.9%,4136,11.9,7.7,27,90.8,9.6,2586,1697,252,55,56,43.0,160,884,97,9.9%,phi
0,24.0,Chidobe Awuzie,24.0,CB/db,16.0,16.0,1,97,58,59.8%,726,12.5,7.5,3,89.1,12.0,510,216,1,0,1,0.0,1,79,11,12.2%,dal
1,54.0,Jaylon Smith*,24.0,LB,16.0,16.0,1,70,54,77.1%,460,8.5,6.6,3,102.1,4.7,214,246,46,1,0,2.5,4,142,12,7.8%,dal
2,27.0,Jourdan Lewis,24.0,cb/s,16.0,5.0,2,64,44,68.8%,542,12.3,8.5,1,86.8,6.6,251,291,25,1,0,4.0,5,51,4,7.3%,dal
3,31.0,Byron Jones,27.0,CB/db,15.0,14.0,0,64,34,53.1%,395,11.6,6.2,3,87.7,10.0,260,135,2,0,0,0.0,0,46,1,2.1%,dal
4,38.0,Jeff Heath,28.0,db/S,13.0,13.0,0,52,33,63.5%,329,10.0,6.3,2,94.2,6.7,136,193,22,1,2,0.0,3,63,3,4.5%,dal
5,50.0,Sean Lee,33.0,LB,16.0,13.0,1,47,38,80.9%,273,7.2,5.8,2,96.2,4.3,78,195,25,0,0,1.0,1,86,14,14.0%,dal
6,55.0,Leighton Vander Esch,23.0,LB,9.0,9.0,0,47,37,78.7%,351,9.5,7.5,2,112.0,4.9,87,264,19,0,1,0.5,2,72,13,15.3%,dal
7,25.0,Xavier Woods,24.0,db/S,15.0,15.0,2,33,24,72.7%,250,10.4,7.6,1,79.1,6.4,140,110,0,0,0,0.0,0,77,8,9.4%,dal
8,30.0,Anthony Brown,26.0,cb/db,9.0,4.0,0,25,15,60.0%,167,11.1,6.7,0,79.9,10.0,96,71,7,0,0,0.0,0,17,7,29.2%,dal
9,23.0,Darian Thompson,26.0,db/s,15.0,4.0,0,16,10,62.5%,156,15.6,9.8,2,134.4,13.7,108,48,7,0,0,1.5,2,45,6,11.8%,dal
10,48.0,Joe Thomas,28.0,lb,15.0,2.0,0,12,7,58.3%,67,9.6,5.6,0,74.0,4.8,1,66,15,1,0,0.0,1,33,3,8.3%,dal
11,53.0,Justin March-Lillard,26.0,,16.0,0.0,0,11,7,63.6%,73,10.4,6.6,0,82.8,3.0,24,49,1,0,0,0.0,0,12,2,14.3%,dal
12,43.0,Malcolm Smith,30.0,lb,2.0,1.0,0,6,4,66.7%,50,12.5,8.3,0,92.4,1.7,18,32,7,0,0,0.0,0,5,3,37.5%,dal
13,58.0,Robert Quinn,29.0,DE,14.0,14.0,0,3,1,33.3%,15,15.0,5.0,0,50.7,-1.3,-6,21,0,12,11,11.5,35,34,4,10.5%,dal
14,29.0,C.J. Goodwin,29.0,,16.0,0.0,0,2,2,100.0%,23,11.5,11.5,0,114.6,8.0,16,7,0,0,0,0.0,0,9,0,0.0%,dal
15,77.0,Michael Bennett,34.0,,9.0,0.0,0,1,1,100.0%,-6,-6.0,-6.0,0,79.2,-5.0,-5,-1,0,6,8,4.0,18,27,2,6.9%,dal
16,96.0,Maliek Collins,24.0,DT,16.0,16.0,0,1,1,100.0%,6,6.0,6.0,0,91.7,-15.0,-15,21,0,12,5,4.0,21,20,3,13.0%,dal
17,98.0,Tyrone Crawford,30.0,de,4.0,2.0,0,1,1,100.0%,-2,-2.0,-2.0,0,79.2,-6.0,-6,4,0,0,1,1.0,2,3,1,25.0%,dal
18,51.0,Kerry Hyder,28.0,,16.0,0.0,0,1,1,100.0%,3,3.0,3.0,0,79.2,-4.0,-4,7,2,7,2,1.0,10,17,3,15.0%,dal
19,35.0,Kavon Frazier,25.0,,4.0,0.0,0,1,1,100.0%,4,4.0,4.0,0,83.3,4.0,4,0,0,0,0,0.0,0,5,0,0.0%,dal
20,79.0,Trysten Hill,21.0,,7.0,0.0,0,1,1,100.0%,-4,-4.0,-4.0,0,79.2,-7.0,-7,3,0,1,2,0.0,3,5,2,28.6%,dal
21,56.0,Joe Jackson,23.0,,5.0,0.0,0,1,1,100.0%,9,9.0,9.0,0,104.2,5.0,5,4,2,1,1,0.0,2,4,0,0.0%,dal
22,59.0,Christian Covington,26.0,de/dt,16.0,6.0,0,1,0,0.0%,0,,0.0,0,39.6,-5.0,0,0,0,1,1,1.0,3,28,5,15.2%,dal
23,90.0,DeMarcus Lawrence,27.0,DE,16.0,16.0,0,0,0,,0,,,0,,,0,0,1,13,10,5.0,29,45,6,11.8%,dal
24,92.0,Dorance Armstrong,22.0,,15.0,0.0,0,0,0,,0,,,0,,,0,0,0,3,3,2.0,8,15,2,11.8%,dal
25,59.0,Chris Covington,23.0,,3.0,0.0,0,0,0,,0,,,0,,,0,0,0,0,0,0.0,0,2,1,33.3%,dal
26,99.0,Antwaun Woods,26.0,DT,10.0,10.0,0,0,0,,0,,,0,,,0,0,0,1,1,0.0,2,23,3,11.5%,dal
27,,Team Total,,,,,7,557,370,65.0%,3879,10.5,7.0,21,91.9,7.4,1936,1982,182,61,49,39.0,152,988,119,10.7%,dal
0,27.0,Deandre Baker,22.0,CB,16.0,15.0,0,88,54,61.4%,850,15.7,9.7,6,116.2,12.4,587,263,0,0,0,0.0,0,61,6,9.0%,nyg
1,20.0,Janoris Jenkins,31.0,CB,13.0,13.0,4,78,42,53.8%,503,12.0,6.4,3,65.3,11.1,391,112,5,0,0,0.0,0,54,9,14.3%,nyg
2,47.0,Alec Ogletree,28.0,LB,13.0,13.0,1,53,44,83.0%,373,8.5,7.0,3,107.0,3.6,116,257,67,2,2,1.0,5,80,15,15.8%,nyg
3,25.0,Corey Ballentine,23.0,cb,13.0,2.0,0,42,27,64.3%,393,14.6,9.4,4,126.4,11.6,247,146,7,0,1,0.0,1,26,1,3.7%,nyg
4,41.0,Antoine Bethea,35.0,S,16.0,16.0,1,40,29,72.5%,497,17.1,12.4,7,143.4,11.9,329,168,7,0,0,0.0,0,110,11,9.1%,nyg
5,34.0,Grant Haley,23.0,cb,15.0,3.0,0,39,32,82.1%,342,10.7,8.8,1,111.8,9.5,195,147,11,2,0,1.0,3,43,3,6.5%,nyg
6,21.0,Jabrill Peppers,24.0,S,11.0,11.0,1,36,23,63.9%,268,11.7,7.4,1,84.0,7.3,155,113,27,3,2,0.0,6,76,11,12.6%,nyg
7,55.0,David Mayo,26.0,LB,16.0,13.0,0,29,19,65.5%,181,9.5,6.2,0,82.7,2.4,38,143,31,1,0,2.0,4,82,10,10.9%,nyg
8,24.0,Julian Love,21.0,cb,15.0,5.0,1,29,19,65.5%,190,10.0,6.6,1,81.1,5.4,80,110,11,0,1,0.0,1,37,4,9.8%,nyg
9,31.0,Michael Thomas,29.0,s,16.0,2.0,0,27,20,74.1%,208,10.4,7.7,2,120.6,7.4,145,63,15,1,0,0.0,1,47,0,0.0%,nyg
10,23.0,Sam Beal,23.0,cb,6.0,3.0,0,21,16,76.2%,171,10.7,8.1,1,115.4,12.0,128,43,0,0,0,0.0,0,26,0,0.0%,nyg
11,30.0,Antonio Hamilton,26.0,cb,16.0,2.0,0,18,12,66.7%,156,13.0,8.7,0,93.7,11.3,105,51,2,1,0,0.0,1,17,3,15.0%,nyg
12,23.0,Deone Bucannon,27.0,lb,9.0,1.0,0,11,7,63.6%,72,10.3,6.5,1,112.7,2.8,42,30,14,0,1,0.0,1,25,3,10.7%,nyg
13,57.0,Ryan Connelly,24.0,lb,4.0,3.0,2,7,4,57.1%,19,4.8,2.7,0,22.6,5.0,17,2,9,1,0,1.0,2,20,0,0.0%,nyg
14,59.0,Lorenzo Carter,24.0,LB,15.0,12.0,0,5,3,60.0%,35,11.7,7.0,0,81.2,9.0,-7,42,78,9,9,4.5,23,45,8,15.1%,nyg
15,58.0,Tae Davis,23.0,lb,4.0,1.0,0,5,3,60.0%,19,6.3,3.8,0,67.9,2.8,6,13,2,0,1,0.0,1,6,0,0.0%,nyg
16,45.0,Nathan Stupar,31.0,lb,3.0,1.0,0,4,4,100.0%,37,9.3,9.3,0,105.2,3.0,12,25,0,0,0,0.0,0,4,1,20.0%,nyg
17,97.0,Dexter Lawrence,22.0,DL,16.0,16.0,0,3,3,100.0%,12,4.0,4.0,0,83.3,-3.0,-9,21,0,5,5,2.5,15,38,5,11.6%,nyg
18,36.0,Sean Chandler,23.0,,13.0,0.0,0,2,2,100.0%,26,13.0,13.0,0,118.7,8.5,17,9,5,0,0,0.0,0,7,1,12.5%,nyg
19,48.0,Josiah Tauaefa,22.0,,12.0,0.0,0,2,2,100.0%,-1,-0.5,-0.5,0,79.2,-4.5,-9,8,0,0,0,0.0,0,6,1,14.3%,nyg
20,44.0,Markus Golden,28.0,LB,16.0,16.0,0,2,1,50.0%,6,6.0,3.0,0,56.2,0.0,4,2,93,16,14,10.0,44,72,6,7.7%,nyg
21,53.0,Oshane Ximines,23.0,lb,16.0,2.0,0,2,1,50.0%,24,24.0,12.0,1,133.3,0.5,-3,27,28,2,3,4.5,12,25,0,0.0%,nyg
22,72.0,Olsen Pierre,28.0,,9.0,0.0,0,1,1,100.0%,41,41.0,41.0,0,118.7,0.0,0,41,0,0,0,2.0,2,8,1,11.1%,nyg
23,95.0,B.J. Hill,24.0,dl,16.0,5.0,0,1,1,100.0%,-6,-6.0,-6.0,0,79.2,-7.0,-7,1,0,3,1,1.0,5,36,2,5.3%,nyg
24,94.0,Dalvin Tomlinson,25.0,DL,16.0,16.0,0,0,0,,0,,,0,,,0,0,0,3,5,3.5,13,49,3,5.8%,nyg
25,90.0,R.J. McIntosh,23.0,,12.0,0.0,0,0,0,,0,,,0,,,0,0,0,0,0,2.0,2,13,0,0.0%,nyg
26,51.0,Tuzar Skipper,24.0,,6.0,0.0,0,0,0,,0,,,0,,,0,0,2,0,0,0.5,1,3,0,0.0%,nyg
27,92.0,Leonard Williams,25.0,dl,8.0,5.0,0,0,0,,0,,,0,,,0,0,0,6,10,0.5,17,26,1,3.7%,nyg
28,96.0,Kareem Martin,27.0,,5.0,0.0,0,0,0,,0,,,0,,,0,0,1,1,0,0.0,1,6,1,14.3%,nyg
29,,Team Total,,,,,10,545,369,66.4%,4471,12.1,8.1,30,101.4,8.7,2579,1837,415,56,55,36.0,161,1069,106,9.0%,nyg
0,53,Jonathan Bostic,28,LB,16,16,1,67,51,76.1%,479,9.4,7.1,2,99.0,4.4,190,289,41,1,5,1.0,7,105,10,8.7%,was
1,20,Landon Collins,25,S,15,15,0,67,47,70.1%,467,9.9,7.0,5,114.5,8.1,253,214,27,1,1,1.0,3,117,16,12.0%,was
2,23,Quinton Dunbar,27,CB,11,11,4,55,33,60.0%,376,11.4,6.8,3,68.4,11.4,249,127,0,0,0,0.0,0,37,3,7.5%,was
3,31,Fabian Moreau,25,cb,12,7,3,49,39,79.6%,453,11.6,9.2,2,93.3,9.8,281,172,0,0,0,0.0,0,44,9,17.0%,was
4,24,Josh Norman,32,cb/db,12,8,1,46,31,67.4%,444,14.3,9.7,7,129.0,14.8,373,71,1,0,0,1.0,1,40,4,9.1%,was
5,55,Cole Holcomb,23,LB,16,15,0,43,36,83.7%,343,9.5,8.0,2,115.4,3.0,82,261,25,4,1,1.0,7,105,12,10.3%,was
6,32,Jimmy Moreland,24,cb,14,5,0,39,31,79.5%,267,8.6,6.8,0,95.2,5.0,114,153,6,1,1,0.0,2,42,9,17.6%,was
7,35,Montae Nicholson,24,S,13,13,2,31,21,67.7%,253,12.0,8.2,6,105.2,11.8,201,52,3,0,0,0.0,0,61,10,14.1%,was
8,51,Shaun Dion Hamilton,24,,16,0,1,24,12,50.0%,71,5.9,3.0,1,52.8,2.6,27,44,19,2,1,1.0,4,49,4,7.5%,was
9,52,Ryan Anderson,25,lb,16,4,0,16,13,81.3%,108,8.3,6.8,5,134.4,6.2,61,47,44,9,6,4.0,19,44,3,6.4%,was
10,22,Aaron Colvin,28,cb,6,2,0,15,13,86.7%,196,15.1,13.1,2,158.3,11.5,156,40,0,0,0,0.0,0,10,1,9.1%,was
11,37,Coty Sensabaugh,31,db,2,2,0,12,6,50.0%,66,11.0,5.5,1,94.4,6.8,43,23,4,0,0,0.0,0,9,0,0.0%,was
12,38,Kayvon Webster,28,db,2,1,0,11,8,72.7%,173,21.6,15.7,1,145.1,11.9,66,107,0,0,0,0.0,0,7,1,12.5%,was
13,90,Montez Sweat,23,LB,16,16,0,9,6,66.7%,17,2.8,1.9,0,70.1,-0.4,-3,20,37,14,5,7.0,27,50,1,2.0%,was
14,91,Ryan Kerrigan,31,LB,12,12,0,8,8,100.0%,49,6.1,6.1,0,92.2,2.5,20,29,35,11,6,5.5,25,25,2,7.4%,was
15,,,,,Games,Games,Pass Coverage,Pass Coverage,Pass Coverage,Pass Coverage,Pass Coverage,Pass Coverage,Pass Coverage,Pass Coverage,Pass Coverage,Pass Coverage,Pass Coverage,Pass Coverage,Pass Rush,Pass Rush,Pass Rush,Pass Rush,Pass Rush,Tackles,Tackles,Tackles,was
16,No.,Player,Age,Pos,G,GS,Int,Tgt,Cmp,Cmp%,Yds,Yds/Cmp,Yds/Tgt,TD,Rat,DADOT,Air,YAC,Bltz,Hrry,QBKD,Sk,Prss,Comb,MTkl,MTkl%,was
17,45,Dominique Rodgers-Cromartie,33,cb,2,1,0,7,6,85.7%,66,11.0,9.4,0,106.0,6.9,45,21,0,0,0,0.0,0,7,3,30.0%,was
18,41,Danny Johnson,24,cb/db,2,2,0,7,5,71.4%,67,13.4,9.6,0,101.5,7.9,39,28,0,0,0,0.0,0,11,2,15.4%,was
19,30,Troy Apke,24,s,15,2,1,6,4,66.7%,50,12.5,8.3,0,52.8,6.0,30,20,0,0,0,0.0,0,26,3,10.3%,was
20,39,Jeremy Reaves,23,db/s,9,3,0,5,3,60.0%,58,19.3,11.6,1,140.0,13.2,21,37,1,0,1,0.0,1,15,1,6.3%,was
21,34,Simeon Thomas,26,,12,0,0,4,2,50.0%,32,16.0,8.0,0,77.1,12.0,27,5,0,0,0,0.0,0,8,0,0.0%,was
22,22,Deshazor Everett,27,,7,0,0,3,3,100.0%,33,11.0,11.0,1,152.1,8.0,24,9,0,0,0,0.0,0,13,1,7.1%,was
23,50,Chris Odom,25,,4,0,0,2,2,100.0%,10,5.0,5.0,0,87.5,2.0,4,6,1,0,0,2.0,2,10,0,0.0%,was
24,93,Jonathan Allen,24,DL,15,15,0,2,1,50.0%,4,4.0,2.0,0,56.2,-1.5,-2,6,0,12,2,6.0,21,68,4,5.6%,was
25,94,Da'Ron Payne,22,DL,15,9,0,1,0,0.0%,0,,0.0,0,39.6,-4.0,0,0,0,5,2,2.0,9,56,5,8.2%,was
26,98,Matthew Ioannidis,25,DL,16,15,0,0,0,,0,,,0,,,0,0,0,18,8,8.5,35,64,3,4.5%,was
27,97,Tim Settle,22,dl,15,1,0,0,0,,0,,,0,,,0,0,0,2,3,2.0,7,14,1,6.7%,was
28,96,Treyvon Hester,27,,15,0,0,0,0,,0,,,0,,,0,0,0,1,0,1.0,2,8,1,11.1%,was
29,58,Cassanova McKinzy,27,,3,0,0,0,0,,0,,,0,,,0,0,1,0,0,1.0,1,1,0,0.0%,was
30,4,Nate Orchard,26,,5,0,0,0,0,,0,,,0,,,0,0,8,2,1,1.0,4,14,2,12.5%,was
31,54,Noah Spence,25,,7,0,0,0,0,,0,,,0,,,0,0,0,0,1,1.0,2,3,0,0.0%,was
32,32,Kenny Ladler,27,,1,0,0,0,0,,0,,,0,,,0,0,0,0,0,0.0,0,4,4,50.0%,was
33,58,Carroll Phillips,27,,1,0,0,0,0,,0,,,0,,,0,0,0,0,1,0.0,1,0,1,100.0%,was
34,,Team Total,,,,,13,529,371,68.7%,4093,11.0,7.7,35,102.5,7.9,2301,1781,253,83,45,46.0,180,1099,116,9.5%,was
0,23.0,Jaire Alexander,22.0,CB,16.0,16.0,2,110,59,53.6%,831,14.1,7.6,5,85.8,11.1,519,312,0,0,0,0.0,0,58,8,12.1%,gnb
1,20.0,Kevin King,24.0,CB,15.0,14.0,5,85,50,58.8%,864,17.3,10.2,4,84.6,12.6,594,270,1,0,0,1.0,1,66,14,17.5%,gnb
2,50.0,Blake Martinez,25.0,LB,16.0,16.0,1,74,62,83.8%,570,9.2,7.7,2,102.1,4.1,231,339,24,2,0,3.0,5,155,18,10.4%,gnb
3,38.0,Tramon Williams,36.0,cb,16.0,7.0,2,57,33,57.9%,437,13.2,7.7,2,79.3,9.2,229,208,9,1,1,0.0,2,39,5,11.4%,gnb
4,31.0,Adrian Amos,26.0,S,16.0,16.0,2,51,36,70.6%,421,11.7,8.3,1,85.5,9.6,273,148,24,1,1,1.0,3,84,5,5.6%,gnb
5,39.0,Chandon Sullivan,23.0,,16.0,0.0,1,31,11,35.5%,120,10.9,3.9,0,34.3,10.7,73,47,14,0,1,0.0,1,30,1,3.2%,gnb
6,26.0,Darnell Savage,22.0,S,14.0,14.0,2,30,17,56.7%,197,11.6,6.6,2,71.1,10.6,138,59,17,1,1,0.0,2,55,8,12.7%,gnb
7,35.0,Ibraheim Campbell,27.0,s,7.0,3.0,0,19,12,63.2%,107,8.9,5.6,0,78.2,4.2,44,63,7,0,0,0.0,0,14,3,17.6%,gnb
8,91.0,Preston Smith,27.0,LB,16.0,16.0,1,16,11,68.8%,88,8.0,5.5,0,56.2,3.6,15,73,36,11,9,12.0,34,56,5,8.2%,gnb
9,51.0,Kyler Fackrell,28.0,,16.0,0.0,0,10,8,80.0%,50,6.3,5.0,0,87.5,2.0,3,47,17,3,7,1.0,12,23,3,11.5%,gnb
10,93.0,B.J. Goodson,26.0,LB,15.0,9.0,0,9,7,77.8%,49,7.0,5.4,1,126.4,1.4,14,35,6,0,0,0.0,0,37,2,5.1%,gnb
11,37.0,Josh Jackson,23.0,,14.0,0.0,0,7,6,85.7%,63,10.5,9.0,1,143.7,7.4,52,11,0,0,0,0.0,0,11,1,8.3%,gnb
12,24.0,Raven Greene,24.0,s,2.0,1.0,0,7,5,71.4%,19,3.8,2.7,0,74.1,4.0,0,19,4,0,0,0.0,0,7,0,0.0%,gnb
13,25.0,Will Redmond,26.0,s,13.0,4.0,0,7,5,71.4%,68,13.6,9.7,0,102.1,11.6,38,30,6,0,0,0.0,0,36,4,10.0%,gnb
14,28.0,Tony Brown,24.0,,9.0,0.0,0,5,4,80.0%,61,15.3,12.2,0,117.5,11.4,55,6,0,0,0,0.0,0,11,0,0.0%,gnb
15,42.0,Oren Burks,24.0,,12.0,0.0,0,4,1,25.0%,27,27.0,6.8,0,55.2,2.8,-6,33,1,0,0,0.0,0,11,0,0.0%,gnb
16,55.0,Za'Darius Smith*,27.0,LB,16.0,16.0,0,3,2,66.7%,15,7.5,5.0,0,78.5,-2.3,-9,24,36,13,22,13.5,50,55,9,14.1%,gnb
17,52.0,Rashan Gary,22.0,,16.0,0.0,0,3,2,66.7%,55,27.5,18.3,1,149.3,11.3,34,21,5,2,1,2.0,5,21,3,12.5%,gnb
18,97.0,Kenny Clark*,24.0,DL,16.0,16.0,0,2,1,50.0%,9,9.0,4.5,0,62.5,-2.0,-3,12,0,8,0,6.0,15,62,8,11.4%,gnb
19,95.0,Tyler Lancaster,25.0,DL,16.0,10.0,0,1,1,100.0%,2,2.0,2.0,0,79.2,-5.0,-5,7,0,1,0,1.5,3,30,2,6.3%,gnb
20,90.0,Montravius Adams,24.0,dl,14.0,2.0,0,0,0,,0,,,0,,,0,0,0,0,0,0.0,0,11,1,8.3%,gnb
21,96.0,Kingsley Keke,23.0,,14.0,0.0,0,0,0,,0,,,0,,,0,0,0,0,1,0.0,1,10,0,0.0%,gnb
22,94.0,Dean Lowry,25.0,DL,16.0,16.0,1,0,0,,0,,,0,,,0,0,0,3,2,0.0,5,47,4,7.8%,gnb
23,,Team Total,,,,,17,531,326,59.7%,4016,12.3,7.6,19,81.1,8.8,2289,1764,207,46,46,41.0,139,965,104,9.7%,gnb
0,26.0,Trae Waynes,27.0,CB,14.0,14.0,1,96,71,74.0%,719,10.1,7.5,5,107.9,10.1,557,162,2,0,0,0.0,0,58,5,7.9%,min
1,29.0,Xavier Rhodes*,29.0,CB,15.0,15.0,0,81,66,81.5%,791,12.0,9.8,4,123.8,9.8,542,249,0,1,0,0.0,1,63,6,8.7%,min
2,21.0,Mike Hughes,22.0,cb,14.0,3.0,1,67,41,61.2%,484,11.8,7.2,3,91.9,11.7,364,120,1,0,0,0.0,0,45,6,11.8%,min
3,54.0,Eric Kendricks*+,27.0,LB,15.0,15.0,0,60,32,53.3%,363,11.3,6.1,2,82.8,7.9,205,158,60,4,1,0.5,6,110,10,8.3%,min
4,20.0,Mackensie Alexander,26.0,cb,13.0,4.0,1,58,38,65.5%,324,8.5,5.6,2,84.3,8.2,216,108,5,0,1,0.5,2,38,0,0.0%,min
5,55.0,Anthony Barr,27.0,LB,14.0,14.0,1,55,40,72.7%,372,9.3,6.8,3,101.5,2.3,86,286,87,4,4,1.5,10,79,2,2.5%,min
6,22.0,Harrison Smith*,30.0,S,15.0,15.0,3,33,21,63.6%,194,9.2,5.9,0,41.7,8.4,115,79,30,0,0,1.0,1,85,10,10.5%,min
7,50.0,Eric Wilson,25.0,lb,16.0,6.0,0,25,18,72.0%,138,7.7,5.5,1,98.4,2.4,35,103,15,0,2,3.0,5,62,2,3.1%,min
8,41.0,Anthony Harris,28.0,S,14.0,14.0,6,23,15,65.2%,151,10.1,6.6,0,44.2,8.6,113,38,17,0,0,0.0,0,60,3,4.8%,min
9,27.0,Jayron Kearse,25.0,s,15.0,3.0,1,21,12,57.1%,110,9.2,5.2,0,51.7,8.6,51,59,7,0,0,0.0,0,28,1,3.4%,min
10,40.0,Kentrell Brothers,26.0,lb,13.0,1.0,0,13,11,84.6%,82,7.5,6.3,0,92.9,4.9,35,47,2,0,0,0.0,0,23,0,0.0%,min
11,38.0,Kris Boyd,23.0,,16.0,0.0,0,13,9,69.2%,93,10.3,7.2,0,89.6,8.1,55,38,0,0,0,0.0,0,22,2,8.3%,min
12,24.0,Holton Hill,22.0,cb,8.0,1.0,0,9,6,66.7%,70,11.7,7.8,0,90.0,12.7,56,14,0,0,0,0.0,0,13,2,13.3%,min
13,34.0,Andrew Sendejo,32.0,db/s,6.0,2.0,2,6,3,50.0%,58,19.3,9.7,0,44.4,17.2,47,11,2,0,0,0.0,0,17,2,10.5%,min
14,97.0,Everson Griffen*,32.0,DE,15.0,15.0,1,4,3,75.0%,12,4.0,3.0,0,37.5,-3.0,-1,13,0,13,13,8.0,35,41,5,10.9%,min
15,42.0,Ben Gedeon,25.0,lb,8.0,5.0,0,2,2,100.0%,20,10.0,10.0,0,108.3,-1.5,-3,23,3,0,0,0.0,0,13,2,13.3%,min
16,44.0,Nate Meadors,22.0,,2.0,0.0,0,2,2,100.0%,31,15.5,15.5,2,158.3,11.0,22,9,0,0,0,0.0,0,2,0,0.0%,min
17,99.0,Danielle Hunter*,25.0,DE,16.0,16.0,0,2,1,50.0%,30,30.0,15.0,0,95.8,0.0,-3,33,0,17,4,14.5,36,70,2,2.8%,min
18,91.0,Stephen Weatherly,25.0,de,16.0,1.0,0,1,1,100.0%,23,23.0,23.0,0,118.7,10.0,10,13,0,5,6,3.0,14,24,1,4.0%,min
19,93.0,Shamar Stephen,28.0,DT,15.0,15.0,0,1,0,0.0%,0,,0.0,0,39.6,-1.0,0,0,0,1,0,1.0,2,21,1,4.5%,min
20,95.0,Ifeadi Odenigbo,25.0,,16.0,0.0,0,0,0,,0,,,0,,,0,0,0,4,7,7.0,18,23,1,4.2%,min
21,94.0,Jaleel Johnson,25.0,dt,16.0,3.0,0,0,0,,0,,,0,,,0,0,0,1,1,3.5,6,29,1,3.3%,min
22,98.0,Linval Joseph,31.0,DT,13.0,13.0,0,0,0,,0,,,0,,,0,0,0,2,2,3.0,7,44,1,2.2%,min
23,96.0,Armon Watts,23.0,dt,7.0,1.0,0,0,0,,0,,,0,,,0,0,0,0,0,1.5,2,13,2,13.3%,min
24,92.0,Jalyn Holmes,23.0,,6.0,0.0,0,0,0,,0,,,0,,,0,0,0,1,0,0.0,1,4,0,0.0%,min
25,51.0,Hercules Mata'afa,24.0,,6.0,0.0,0,0,0,,0,,,0,,,0,0,4,1,0,0.0,1,1,0,0.0%,min
26,59.0,Cameron Smith,22.0,,5.0,0.0,0,0,0,,0,,,0,,,0,0,1,0,0,0.0,0,8,0,0.0%,min
27,,Team Total,,,,,17,572,394,65.6%,4099,10.4,7.1,23,86.1,8.3,2504,1563,236,54,41,48.0,147,1013,67,6.2%,min
0,23.0,Kyle Fuller*,27.0,DB,16.0,16.0,3,106,75,70.8%,942,12.6,8.9,5,102.0,10.0,687,255,0,0,0,0.0,0,82,12,12.8%,chi
1,24.0,Buster Skrine,30.0,db,16.0,4.0,0,81,48,59.3%,465,9.7,5.7,4,91.8,7.4,278,187,19,1,2,0.0,3,48,13,21.3%,chi
2,20.0,Prince Amukamara,30.0,DB,15.0,15.0,0,71,47,66.2%,657,14.0,9.3,2,105.2,12.4,447,210,1,0,0,0.0,0,53,4,7.0%,chi
3,58.0,Roquan Smith,22.0,LB,12.0,12.0,1,58,39,67.2%,347,8.9,6.0,0,75.9,3.0,85,262,23,2,0,2.0,4,101,4,3.8%,chi
4,21.0,Ha Ha Clinton-Dix,27.0,DB,16.0,16.0,2,44,26,59.1%,285,11.0,6.5,1,67.0,7.6,189,96,14,1,0,0.0,1,78,9,10.3%,chi
5,39.0,Eddie Jackson*,27.0,DB,16.0,16.0,2,43,23,53.5%,233,10.1,5.4,1,57.6,9.6,138,95,9,1,0,1.0,2,60,11,15.5%,chi
6,44.0,Nick Kwiatkoski,26.0,LB,16.0,8.0,1,37,22,59.5%,148,6.7,4.0,1,66.0,4.2,67,81,22,3,0,3.0,6,76,10,11.6%,chi
7,59.0,Danny Trevathan,29.0,LB,9.0,9.0,0,32,28,87.5%,280,10.0,8.8,1,113.5,2.6,61,219,34,1,3,1.0,5,70,3,4.1%,chi
8,57.0,Kevin Pierre-Louis,28.0,lb,14.0,3.0,1,21,14,66.7%,87,6.2,4.1,0,55.1,2.0,37,50,9,2,2,0.0,4,37,4,9.8%,chi
9,94.0,Leonard Floyd,27.0,LB,16.0,16.0,0,17,14,82.4%,76,5.4,4.5,0,85.3,1.9,2,74,51,15,8,3.0,26,40,7,14.9%,chi
10,22.0,Kevin Toliver,24.0,db,12.0,1.0,0,16,11,68.8%,162,14.7,10.1,1,122.4,12.4,141,21,0,0,0,0.0,0,13,4,23.5%,chi
11,52.0,Khalil Mack*,28.0,LB,16.0,16.0,0,8,6,75.0%,42,7.0,5.3,0,86.5,0.6,4,38,56,30,6,8.5,45,47,6,11.3%,chi
12,26.0,Deon Bush,26.0,,15.0,0.0,0,6,4,66.7%,42,10.5,7.0,1,126.4,11.5,27,15,0,0,0,0.0,0,8,0,0.0%,chi
13,27.0,Sherrick McManis,32.0,,9.0,0.0,0,3,3,100.0%,9,3.0,3.0,0,79.2,-0.7,-2,11,1,0,0,0.0,0,11,1,8.3%,chi
14,97.0,Nick Williams,29.0,dt,16.0,5.0,0,2,2,100.0%,8,4.0,4.0,0,83.3,-0.5,-1,9,0,3,3,6.0,12,42,0,0.0%,chi
15,95.0,Roy Robertson-Harris,26.0,de,15.0,7.0,0,1,1,100.0%,0,0.0,0.0,0,79.2,0.0,0,0,0,7,6,2.5,16,30,5,14.3%,chi
16,98.0,Bilal Nichols,23.0,DT,13.0,12.0,0,1,1,100.0%,2,2.0,2.0,0,79.2,-3.0,-3,5,0,2,2,0.0,4,27,2,6.9%,chi
17,92.0,Brent Urban,28.0,,9.0,0.0,0,1,1,100.0%,6,6.0,6.0,0,91.7,-3.0,-3,9,0,0,1,0.0,1,16,1,5.9%,chi
18,93.0,James Vaughters,26.0,,3.0,0.0,0,1,1,100.0%,6,6.0,6.0,0,91.7,1.0,1,5,0,0,0,0.0,0,3,0,0.0%,chi
19,99.0,Aaron Lynch,26.0,,16.0,0.0,0,1,0,0.0%,11,,11.0,0,72.9,0.0,7,4,0,2,6,2.0,10,6,0,0.0%,chi
20,47.0,Isaiah Irving,25.0,,13.0,0.0,0,1,0,0.0%,0,,0.0,0,39.6,5.0,0,0,5,0,1,0.0,1,14,1,6.7%,chi
21,76.0,Abdullah Anderson,23.0,,6.0,0.0,0,0,0,,0,,,0,,,0,0,0,2,0,1.0,3,4,0,0.0%,chi
22,91.0,Eddie Goldman,25.0,NT,15.0,15.0,0,0,0,,0,,,0,,,0,0,0,4,1,1.0,6,29,2,6.5%,chi
23,96.0,Akiem Hicks,30.0,dt,5.0,5.0,0,0,0,,0,,,0,,,0,0,0,4,4,1.0,9,10,1,9.1%,chi
24,,Team Total,,,,,10,551,362,63.4%,3796,10.5,6.9,17,85.2,7.3,2162,1646,244,80,45,32.0,158,944,100,9.6%,chi
0,27.0,Justin Coleman,26.0,CB,16.0,11.0,1,103,65,63.1%,817,12.6,7.9,6,103.1,10.8,505,312,16,2,1,0.0,3,54,7,11.5%,det
1,23.0,Darius Slay*,28.0,CB,14.0,14.0,2,93,52,55.9%,694,13.3,7.5,3,81.6,13.5,554,140,0,1,0,0.0,1,46,6,11.5%,det
2,29.0,Rashaan Melvin,30.0,CB,13.0,12.0,0,92,58,63.0%,773,13.3,8.4,4,104.1,12.7,590,183,4,0,0,0.0,0,68,1,1.4%,det
3,21.0,Tracy Walker,24.0,DB,13.0,12.0,1,57,37,64.9%,535,14.5,9.4,5,117.2,12.5,357,178,3,1,0,0.0,1,103,13,11.2%,det
4,32.0,Tavon Wilson,29.0,S,16.0,13.0,0,47,35,74.5%,237,6.8,5.0,1,92.2,4.7,119,118,27,1,1,1.0,3,98,13,11.7%,det
5,40.0,Jarrad Davis,24.0,LB,11.0,11.0,0,37,29,78.4%,363,12.5,9.8,1,116.6,7.0,186,177,32,6,3,2.0,11,63,10,13.7%,det
6,52.0,Christian Jones,28.0,LB,13.0,13.0,0,27,18,66.7%,186,10.3,6.9,1,98.7,6.6,87,99,35,3,1,2.0,6,51,5,8.9%,det
7,24.0,Amani Oruwariye,23.0,cb,9.0,2.0,2,25,19,76.0%,221,11.6,8.8,4,108.5,10.6,151,70,1,0,0,0.0,0,19,1,5.0%,det
8,51.0,Jahlani Tavai,23.0,lb,15.0,6.0,1,23,16,69.6%,201,12.6,8.7,0,78.4,5.7,80,121,23,1,1,2.0,4,58,8,12.1%,det
9,25.0,Will Harris,24.0,s,16.0,6.0,0,23,13,56.5%,204,15.7,8.9,3,125.7,12.0,110,94,5,0,0,1.0,1,43,6,12.2%,det
10,44.0,Jalen Reeves-Maybin,24.0,lb,16.0,3.0,0,19,15,78.9%,211,14.1,11.1,2,148.0,9.9,106,105,13,0,1,0.0,1,37,4,9.8%,det
11,38.0,Mike Ford,24.0,cb,15.0,2.0,0,19,9,47.4%,114,12.7,6.0,2,101.6,15.5,93,21,0,0,0,0.0,0,12,3,20.0%,det
12,42.0,Devon Kennard,28.0,LB,16.0,15.0,0,13,11,84.6%,57,5.2,4.4,2,124.5,1.2,-5,62,50,13,10,7.0,30,58,11,15.9%,det
13,39.0,Jamal Agnew,24.0,,13.0,0.0,0,6,5,83.3%,43,8.6,7.2,0,96.5,8.7,32,11,0,0,0,0.0,0,9,1,10.0%,det
14,28.0,Quandre Diggs,26.0,db,5.0,5.0,0,6,3,50.0%,61,20.3,10.2,0,86.1,14.7,47,14,2,0,0,0.0,0,20,5,20.0%,det
15,35.0,Miles Killebrew,26.0,s,15.0,1.0,0,5,3,60.0%,44,14.7,8.8,0,88.7,9.6,6,38,7,0,0,0.0,0,20,2,9.1%,det
16,95.0,Romeo Okwara,24.0,de,14.0,1.0,0,5,2,40.0%,16,8.0,3.2,0,48.7,7.2,11,5,6,5,8,1.5,15,28,2,6.7%,det
17,90.0,Trey Flowers,26.0,DE,15.0,15.0,0,4,3,75.0%,17,5.7,4.3,0,82.3,0.3,4,13,0,14,14,7.0,35,51,8,13.6%,det
18,98.0,Damon Harrison,31.0,DT,15.0,15.0,0,2,2,100.0%,7,3.5,3.5,0,81.2,0.0,0,7,0,0,0,2.0,2,49,11,18.3%,det
19,54.0,Steve Longa,25.0,,10.0,0.0,0,1,1,100.0%,9,9.0,9.0,0,104.2,9.0,9,0,1,0,0,0.0,0,15,2,11.8%,det
20,49.0,C.J. Moore,24.0,,16.0,0.0,0,1,0,0.0%,0,,0.0,0,39.6,17.0,0,0,1,0,0,0.0,0,7,0,0.0%,det
21,91.0,A'Shawn Robinson,24.0,de/dt,13.0,9.0,0,0,0,,0,,,0,,,0,0,0,2,0,1.5,4,40,3,7.0%,det
22,96.0,Mike Daniels,30.0,dt,9.0,2.0,0,0,0,,0,,,0,,,0,0,0,1,1,1.0,3,10,0,0.0%,det
23,99.0,John Atkins,27.0,dt,12.0,6.0,0,0,0,,0,,,0,,,0,0,0,2,0,0.0,2,20,2,9.1%,det
24,94.0,Austin Bryant,23.0,,4.0,0.0,0,0,0,,0,,,0,,,0,0,0,0,1,0.0,1,8,1,11.1%,det
25,93.0,Da'Shawn Hand,24.0,dl,3.0,2.0,0,0,0,,0,,,0,,,0,0,0,0,0,0.0,0,6,2,25.0%,det
26,75.0,Frank Herron,25.0,,3.0,0.0,0,0,0,,0,,,0,,,0,0,0,1,0,0.0,1,6,0,0.0%,det
27,57.0,Anthony Pittman,23.0,,1.0,0.0,0,0,0,,0,,,0,,,0,0,0,0,1,0.0,1,1,0,0.0%,det
28,,Team Total,,,,,7,608,381,62.4%,4739,12.4,7.9,33,99.6,10.4,3042,1768,226,53,43,28.0,125,1033,127,10.9%,det
0,24,Johnathan Joseph,35,CB,14,11,1,78,50,64.1%,677,13.5,8.7,2,94.9,11.4,451,226,1,0,0,0.0,0,51,11,17.7%,htx
1,21,Bradley Roby,27,CB,10,10,2,63,38,60.3%,457,12.0,7.3,2,79.9,9.7,305,152,4,0,0,1.0,1,38,12,24.0%,htx
2,32,Lonnie Johnson,22,cb,14,7,0,55,35,63.6%,425,12.1,7.7,4,111.6,12.1,234,191,1,0,0,0.0,0,41,8,16.3%,htx
3,41,Zach Cunningham,25,LB,16,16,0,49,38,77.6%,319,8.4,6.5,2,107.4,3.0,26,293,52,2,0,2.0,5,142,11,7.2%,htx
4,20,Justin Reid,22,S,15,15,2,48,30,62.5%,327,10.9,6.8,5,99.9,9.0,172,155,19,0,1,0.0,1,78,9,10.3%,htx
5,21,Gareon Conley,24,cb,8,6,0,46,24,52.2%,299,12.5,6.5,2,87.1,14.3,213,86,0,0,0,0.0,0,27,4,12.9%,htx
6,55,Benardrick McKinney,27,LB,14,14,0,39,35,89.7%,350,10.0,9.0,5,143.6,3.3,93,257,50,1,2,1.0,5,101,6,5.6%,htx
7,39,Tashaun Gipson,29,S,14,14,3,37,20,54.1%,290,14.5,7.8,1,55.0,13.2,202,88,16,0,2,0.0,2,51,8,13.6%,htx
8,37,Jahleel Addae,29,s,16,3,2,33,24,72.7%,308,12.8,9.3,2,96.5,8.4,160,148,26,1,0,0.0,1,45,6,11.8%,htx
9,28,Vernon Hargreaves,24,db,6,2,0,33,23,69.7%,270,11.7,8.2,3,124.6,10.7,146,124,2,0,0,0.0,0,21,5,19.2%,htx
10,28,Phillip Gaines,28,cb,6,2,0,24,14,58.3%,184,13.1,7.7,3,122.2,10.5,127,57,1,1,0,0.0,1,13,1,7.1%,htx
11,57,Brennan Scarlett,26,LB,15,10,0,12,11,91.7%,79,7.2,6.6,1,121.9,2.3,29,50,45,2,2,3.5,8,51,5,8.9%,htx
12,51,Dylan Cole,25,,11,0,0,9,3,33.3%,54,18.0,6.0,1,91.9,4.3,20,34,1,0,0,0.0,0,16,1,5.9%,htx
13,22,Aaron Colvin,28,cb,1,1,0,8,7,87.5%,106,15.1,13.3,1,158.3,10.6,85,21,0,0,0,0.0,0,5,1,16.7%,htx
14,59,Whitney Mercilus,29,LB,16,16,2,7,4,57.1%,77,19.3,11.0,0,56.0,4.7,14,63,89,11,6,7.5,25,48,6,11.1%,htx
15,,,,,Games,Games,Pass Coverage,Pass Coverage,Pass Coverage,Pass Coverage,Pass Coverage,Pass Coverage,Pass Coverage,Pass Coverage,Pass Coverage,Pass Coverage,Pass Coverage,Pass Coverage,Pass Rush,Pass Rush,Pass Rush,Pass Rush,Pass Rush,Tackles,Tackles,Tackles,htx
16,No.,Player,Age,Pos,G,GS,Int,Tgt,Cmp,Cmp%,Yds,Yds/Cmp,Yds/Tgt,TD,Rat,DADOT,Air,YAC,Bltz,Hrry,QBKD,Sk,Prss,Comb,MTkl,MTkl%,htx
17,50,Tyrell Adams,27,lb,5,2,0,7,3,42.9%,50,16.7,7.1,0,67.6,10.1,50,0,6,1,0,0.0,1,13,2,13.3%,htx
18,35,Keion Crossen,23,,16,0,0,6,4,66.7%,35,8.8,5.8,0,81.9,14.0,25,10,0,0,0,0.0,0,13,1,7.1%,htx
19,30,Cornell Armstrong,24,,5,0,0,4,3,75.0%,85,28.3,21.3,0,116.7,23.0,54,31,0,0,0,0.0,0,4,1,20.0%,htx
20,58,Peter Kalambayi,24,,16,0,0,3,3,100.0%,44,14.7,14.7,0,118.7,11.0,33,11,2,0,0,0.0,0,18,2,10.0%,htx
21,98,D.J. Reader,25,DE,15,15,0,2,2,100.0%,7,3.5,3.5,0,81.2,2.0,4,3,0,2,7,2.5,12,52,2,3.7%,htx
22,91,Carlos Watkins,26,de,10,1,0,2,2,100.0%,18,9.0,9.0,0,104.2,-3.5,-7,25,0,2,1,1.0,4,23,3,11.5%,htx
23,27,Mike Adams,38,,6,0,0,2,1,50.0%,11,11.0,5.5,1,106.2,11.0,-1,12,0,0,0,0.0,0,3,0,0.0%,htx
24,54,Jacob Martin,24,,14,0,0,1,1,100.0%,16,16.0,16.0,0,118.7,5.0,5,11,16,3,1,3.5,8,11,2,15.4%,htx
25,94,Charles Omenihu,22,,14,0,0,1,1,100.0%,4,4.0,4.0,0,83.3,4.0,4,0,0,7,3,3.0,13,13,2,13.3%,htx
26,97,Angelo Blackson,27,DE,15,15,0,1,1,100.0%,3,3.0,3.0,1,118.7,-3.0,-3,6,0,1,1,0.0,2,20,0,0.0%,htx
27,28,Xavier Crawford,24,,4,0,0,1,1,100.0%,5,5.0,5.0,0,87.5,2.0,2,3,0,0,0,0.0,0,2,0,0.0%,htx
28,52,Barkevious Mingo,29,lb,16,1,0,1,0,0.0%,17,,17.0,0,79.2,10.0,7,10,6,2,2,0.0,4,6,0,0.0%,htx
29,99,J.J. Watt,30,DE,8,8,0,0,0,,0,,,0,,,0,0,1,7,12,4.0,24,24,3,11.1%,htx
30,28,Briean Boddy-Calhoun,26,,1,0,0,0,0,,0,,,0,,,0,0,0,0,0,1.0,1,2,0,0.0%,htx
31,92,Brandon Dunn,27,nt,16,6,0,0,0,,0,,,0,,,0,0,0,1,2,1.0,4,25,3,10.7%,htx
32,33,A.J. Moore,24,,16,0,0,0,0,,0,,,0,,,0,0,4,0,0,0.0,0,14,0,0.0%,htx
33,,Team Total,,,,,12,572,375,64.0%,4491,12.0,7.9,33,97.6,9.4,2450,2067,342,44,42,31.0,122,1002,115,10.3%,htx
0,21.0,A.J. Bouye,28.0,CB,14.0,14.0,1,92,60,65.2%,855,14.3,9.3,3,101.5,11.2,483,372,0,0,0,0.0,0,65,5,7.1%,jax
1,37.0,Tre Herndon,23.0,CB,16.0,14.0,3,80,37,46.3%,613,16.6,7.7,3,69.4,15.1,452,161,1,0,0,0.0,0,55,9,14.1%,jax
2,25.0,D.J. Hayden,29.0,CB,15.0,8.0,0,49,32,65.3%,298,9.3,6.1,0,81.8,5.1,106,192,33,1,3,2.0,6,41,6,12.8%,jax
3,44.0,Myles Jack,24.0,LB,11.0,11.0,1,41,29,70.7%,386,13.3,9.4,4,122.6,4.7,132,254,22,0,1,0.5,2,66,12,15.4%,jax
4,26.0,Jarrod Wilson,25.0,S,16.0,16.0,2,41,28,68.3%,421,15.0,10.3,3,105.8,9.2,240,181,30,0,2,0.0,2,79,7,8.1%,jax
5,36.0,Ronnie Harrison,22.0,S,14.0,14.0,2,38,21,55.3%,308,14.7,8.1,1,68.8,8.8,155,153,30,1,0,2.0,3,71,8,10.1%,jax
6,56.0,Quincy Williams,23.0,LB,11.0,8.0,0,28,22,78.6%,229,10.4,8.2,0,100.7,5.1,77,152,22,0,0,0.0,0,48,13,21.3%,jax
7,47.0,Donald Payne,25.0,lb,9.0,5.0,0,26,22,84.6%,319,14.5,12.3,2,143.4,4.1,87,232,13,0,0,1.0,1,61,6,9.0%,jax
8,20.0,Jalen Ramsey*,25.0,cb,3.0,3.0,0,25,16,64.0%,147,9.2,5.9,1,93.2,10.7,135,12,0,0,0,0.0,0,17,0,0.0%,jax
9,58.0,Austin Calitro,25.0,lb,13.0,4.0,0,21,16,76.2%,161,10.1,7.7,1,113.4,4.0,64,97,5,1,1,1.0,3,40,7,14.9%,jax
10,52.0,Najee Goode,30.0,lb,10.0,4.0,0,21,15,71.4%,149,9.9,7.1,1,107.0,2.3,33,116,12,1,0,1.0,2,27,6,18.2%,jax
11,48.0,Leon Jacobs,24.0,lb,14.0,7.0,0,12,9,75.0%,52,5.8,4.3,0,82.6,1.4,5,47,25,1,0,2.0,4,42,2,4.5%,jax
12,42.0,Andrew Wingard,23.0,s,16.0,2.0,0,6,6,100.0%,111,18.5,18.5,2,158.3,12.8,77,34,10,1,1,1.0,3,30,3,9.1%,jax
13,35.0,Parry Nickerson,25.0,db,4.0,1.0,0,5,1,20.0%,16,16.0,3.2,0,40.4,15.8,11,5,0,0,0,0.0,0,6,0,0.0%,jax
14,31.0,Breon Borders,24.0,cb,11.0,1.0,0,4,4,100.0%,28,7.0,7.0,0,95.8,2.0,8,20,5,0,1,0.0,1,7,1,12.5%,jax
15,41.0,Josh Allen*,22.0,de,16.0,4.0,0,4,3,75.0%,15,5.0,3.8,0,80.2,3.8,-6,21,30,14,14,10.5,39,44,3,6.4%,jax
16,57.0,D.J. Alexander,28.0,,5.0,0.0,0,3,3,100.0%,8,2.7,2.7,0,79.2,-1.7,-5,13,0,0,0,0.0,0,7,0,0.0%,jax
17,22.0,Cody Davis,30.0,,16.0,0.0,0,3,1,33.3%,24,24.0,8.0,0,63.2,18.7,22,2,0,0,0,0.0,0,13,0,0.0%,jax
18,91.0,Yannick Ngakoue,24.0,DE,15.0,15.0,1,2,2,100.0%,4,2.0,2.0,0,39.6,-4.0,-8,12,1,10,9,8.0,27,41,10,19.6%,jax
19,90.0,Taven Bryan,23.0,DL,16.0,8.0,0,1,1,100.0%,9,9.0,9.0,0,104.2,2.0,2,7,0,3,7,2.0,12,33,7,17.5%,jax
20,29.0,Marcus Gilchrist,31.0,,3.0,0.0,0,1,1,100.0%,13,13.0,13.0,0,118.7,5.0,5,8,1,0,0,0.0,0,2,0,0.0%,jax
21,55.0,Lerentee McCray,29.0,,9.0,0.0,0,1,1,100.0%,14,14.0,14.0,0,118.7,-10.0,-6,20,0,0,0,0.0,0,5,0,0.0%,jax
22,98.0,Dontavius Russell,24.0,,3.0,0.0,0,1,0,0.0%,5,,5.0,0,47.9,-5.0,-5,10,0,0,0,0.0,0,4,2,33.3%,jax
23,93.0,Calais Campbell*,33.0,de/DL,16.0,16.0,0,0,0,,0,,,0,,,0,0,0,10,16,6.5,33,56,16,22.2%,jax
24,94.0,Dawuane Smoot,24.0,,16.0,0.0,0,0,0,,0,,,0,,,0,0,0,2,1,6.0,9,17,0,0.0%,jax
25,95.0,Abry Jones,28.0,DT,16.0,15.0,0,0,0,,7,,,0,,,-3,10,0,0,0,2.0,3,31,2,6.1%,jax
26,99.0,Marcell Dareus,29.0,dt,6.0,6.0,0,0,0,,0,,,0,,,0,0,0,1,0,0.5,2,13,1,7.1%,jax
27,66.0,Akeem Spence,28.0,,9.0,0.0,0,0,0,,0,,,0,,,0,0,0,0,1,0.0,1,11,0,0.0%,jax
28,,Team Total,,,,,10,505,327,63.2%,4088,12.5,8.3,22,93.9,8.5,2061,2131,240,46,57,46.0,153,953,126,11.7%,jax
0,35.0,Pierre Desir,29.0,CB,12.0,11.0,3,74,48,64.9%,616,12.8,8.3,5,96.5,11.5,424,192,0,0,0,0.0,0,50,8,13.8%,clt
1,34.0,Rock Ya-Sin,23.0,CB,15.0,13.0,1,66,46,69.7%,637,13.8,9.7,3,109.2,12.2,489,148,3,0,0,0.0,0,62,4,6.1%,clt
2,53.0,Darius Leonard*,24.0,LB,13.0,13.0,5,62,45,72.6%,424,9.4,6.8,1,62.8,4.2,152,272,53,5,0,5.0,11,121,5,4.0%,clt
3,50.0,Anthony Walker,24.0,LB,16.0,16.0,1,61,49,80.3%,369,7.5,6.0,3,101.4,3.6,130,239,31,0,1,2.5,4,124,11,8.1%,clt
4,23.0,Kenny Moore,24.0,CB,11.0,11.0,2,60,42,70.0%,356,8.5,5.9,1,76.8,6.6,220,136,30,2,1,2.5,6,61,5,7.6%,clt
5,37.0,Khari Willis,23.0,S,14.0,9.0,0,37,31,83.8%,269,8.7,7.3,3,124.0,5.4,110,159,23,1,1,0.0,2,71,8,10.1%,clt
6,58.0,Bobby Okereke,23.0,LB,16.0,8.0,0,35,26,74.3%,208,8.0,5.9,1,98.3,6.5,102,106,14,1,0,1.0,2,65,2,3.0%,clt
7,39.0,Marvell Tell,23.0,cb,13.0,1.0,0,35,20,57.1%,256,12.8,7.3,2,99.2,10.2,182,74,1,0,0,0.0,0,26,0,0.0%,clt
8,29.0,Malik Hooker,23.0,S,13.0,13.0,2,25,19,76.0%,353,18.6,14.1,4,123.7,13.8,256,97,0,0,0,0.0,0,51,8,13.6%,clt
9,26.0,Clayton Geathers,27.0,S,15.0,10.0,1,24,19,79.2%,226,11.9,9.4,3,128.1,9.5,168,58,3,0,0,0.0,0,54,7,11.5%,clt
10,31.0,Quincy Wilson,23.0,,9.0,0.0,0,18,13,72.2%,186,14.3,10.3,3,144.9,9.6,134,52,5,1,0,0.0,1,11,1,8.3%,clt
11,30.0,George Odum,26.0,s,16.0,1.0,0,15,12,80.0%,182,15.2,12.1,1,139.4,9.8,107,75,3,0,1,0.0,1,37,1,2.6%,clt
12,42.0,Rolan Milligan,25.0,s,11.0,1.0,0,15,11,73.3%,122,11.1,8.1,1,119.3,9.5,78,44,12,0,1,0.0,1,15,1,6.3%,clt
13,28.0,Briean Boddy-Calhoun,26.0,cb,2.0,1.0,0,8,7,87.5%,45,6.4,5.6,0,90.1,3.5,23,22,5,0,0,1.0,1,11,0,0.0%,clt
14,47.0,Shakial Taylor,23.0,,5.0,0.0,0,6,3,50.0%,32,10.7,5.3,0,66.0,9.0,11,21,2,0,0,0.0,0,7,0,0.0%,clt
15,93.0,Jabaal Sheard,30.0,DE,13.0,12.0,0,5,4,80.0%,21,5.3,4.2,0,84.2,4.6,7,14,0,11,4,4.5,20,25,7,21.9%,clt
16,49.0,Matthew Adams,24.0,lb,16.0,4.0,0,4,4,100.0%,53,13.3,13.3,0,118.7,7.8,31,22,4,0,0,0.0,0,10,2,16.7%,clt
17,97.0,Al-Quadin Muhammad,24.0,de,16.0,4.0,0,2,2,100.0%,15,7.5,7.5,0,97.9,1.5,3,12,0,3,5,3.0,11,28,4,12.5%,clt
18,92.0,Margus Hunt,32.0,dt,16.0,5.0,0,2,2,100.0%,13,6.5,6.5,0,93.7,-2.0,-4,17,0,1,0,0.0,1,17,3,15.0%,clt
19,45.0,E.J. Speed,24.0,,12.0,0.0,0,2,1,50.0%,-1,-1.0,-0.5,0,56.2,-2.5,-2,1,3,0,0,0.0,0,7,0,0.0%,clt
20,94.0,Tyquan Lewis,24.0,,9.0,0.0,0,1,1,100.0%,7,7.0,7.0,0,95.8,-6.0,-6,13,0,4,1,0.0,5,5,2,28.6%,clt
21,99.0,Justin Houston,30.0,DE,16.0,16.0,0,0,0,,0,,,0,,,0,0,1,9,8,11.0,28,44,2,4.3%,clt
22,96.0,Denico Autry,29.0,DT,14.0,14.0,0,0,0,,0,,,0,,,0,0,1,7,5,3.5,17,32,3,8.6%,clt
23,90.0,Grover Stewart,26.0,DT,16.0,13.0,0,0,0,,0,,,0,,,0,0,0,5,2,3.0,10,30,1,3.2%,clt
24,52.0,Ben Banogu,23.0,,16.0,0.0,0,0,0,,10,,,0,,,-4,14,0,3,2,2.5,8,11,0,0.0%,clt
25,57.0,Kemoko Turay,24.0,,4.0,0.0,0,0,0,,0,,,0,,,0,0,1,1,4,1.5,7,5,0,0.0%,clt
26,91.0,Trevon Coley,25.0,,7.0,0.0,0,0,0,,0,,,0,,,0,0,0,1,0,0.0,1,6,1,14.3%,clt
27,16.0,Ashton Dulin,22.0,,13.0,0.0,0,0,0,,0,,,0,,,0,0,0,0,0,0.0,0,7,1,12.5%,clt
28,51.0,Jihad Ward,25.0,,3.0,0.0,0,0,0,,0,,,0,,,0,0,0,0,1,0.0,1,0,0,,clt
29,,Team Total,,,,,15,557,394,70.1%,4231,10.7,7.9,29,98.0,8.0,2611,1788,195,55,37,41.0,138,1010,87,7.9%,clt
0,26.0,Logan Ryan,28.0,CB,16.0,16.0,4,103,68,66.0%,781,11.5,7.6,5,88.7,9.9,480,301,40,3,2,4.5,10,113,11,8.9%,oti
1,55.0,Jayon Brown,24.0,LB,14.0,14.0,1,67,46,68.7%,396,8.6,5.9,0,77.7,3.6,129,267,28,4,0,1.0,5,105,6,5.4%,oti
2,21.0,Malcolm Butler,29.0,CB,9.0,9.0,2,57,36,63.2%,460,12.8,8.1,3,91.3,12.6,324,136,3,0,0,0.0,0,32,6,15.8%,oti
3,25.0,Adoree' Jackson,24.0,CB,11.0,10.0,0,54,36,66.7%,395,11.0,7.3,1,94.3,9.5,261,134,3,0,0,0.0,0,45,5,10.0%,oti
4,24.0,Kenny Vaccaro,28.0,S,16.0,16.0,1,53,38,71.7%,453,11.9,8.5,4,114.7,9.3,272,181,43,2,1,1.0,4,84,4,4.5%,oti
5,31.0,Kevin Byard,26.0,FS/s,16.0,16.0,5,47,27,57.4%,422,15.6,9.0,3,69.1,11.8,308,114,10,0,0,0.0,0,84,2,2.3%,oti
6,54.0,Rashaan Evans,24.0,LB,16.0,16.0,0,45,39,86.7%,415,10.6,9.2,1,112.5,5.7,181,234,34,2,2,2.5,7,111,17,13.3%,oti
7,36.0,LeShaun Sims,26.0,cb,14.0,2.0,0,33,22,66.7%,310,14.1,9.4,3,127.1,12.5,179,131,1,0,0,0.0,0,35,6,14.6%,oti
8,59.0,Wesley Woodyard,33.0,lb,15.0,2.0,0,22,17,77.3%,202,11.9,9.2,1,119.9,6.5,109,93,13,1,1,1.0,3,42,5,10.6%,oti
9,23.0,Tye Smith,26.0,cb,9.0,3.0,0,22,15,68.2%,160,10.7,7.3,1,104.4,9.9,105,55,0,0,0,0.0,0,26,0,0.0%,oti
10,20.0,Tramaine Brock,31.0,cb,4.0,4.0,0,16,11,68.8%,85,7.7,5.3,0,81.5,8.6,45,40,2,0,0,0.0,0,13,3,18.8%,oti
11,58.0,Harold Landry,23.0,LB,16.0,16.0,1,13,10,76.9%,102,10.2,7.8,2,106.4,4.8,47,55,86,18,5,9.0,32,68,14,17.1%,oti
12,37.0,Amani Hooker,21.0,,16.0,0.0,0,13,6,46.2%,80,13.3,6.2,0,66.2,11.8,56,24,2,1,0,0.0,1,20,1,4.8%,oti
13,51.0,David Long,21.0,,14.0,0.0,0,7,5,71.4%,75,15.0,10.7,0,106.2,6.0,12,63,3,1,0,0.0,1,15,3,16.7%,oti
14,93.0,Reggie Gilbert,26.0,lb,11.0,5.0,0,6,5,83.3%,73,14.6,12.2,1,156.9,2.2,16,57,15,1,2,1.0,4,22,1,4.3%,oti
15,44.0,Kamalei Correa,25.0,lb,16.0,5.0,0,6,3,50.0%,16,5.3,2.7,0,56.2,0.5,8,8,28,5,1,5.0,11,37,2,5.1%,oti
16,46.0,Joshua Kalu,24.0,,8.0,0.0,0,5,3,60.0%,53,17.7,10.6,0,96.2,20.8,53,0,0,0,0,0.0,0,6,0,0.0%,oti
17,20.0,Kareem Orr,22.0,,2.0,0.0,0,5,3,60.0%,26,8.7,5.2,0,73.7,8.0,10,16,0,0,0,0.0,0,9,0,0.0%,oti
18,90.0,DaQuan Jones,28.0,DL,16.0,16.0,0,3,2,66.7%,16,8.0,5.3,0,79.9,6.3,12,4,0,6,2,1.0,9,42,6,12.5%,oti
19,50.0,Derick Roberson,24.0,,3.0,0.0,0,1,1,100.0%,20,20.0,20.0,0,118.7,5.0,5,15,1,1,0,3.0,4,6,1,14.3%,oti
20,91.0,Cameron Wake,37.0,,9.0,0.0,0,1,1,100.0%,5,5.0,5.0,0,87.5,-5.0,-5,10,14,5,5,2.5,13,4,3,42.9%,oti
21,98.0,Jeffery Simmons,22.0,dl/dt,9.0,7.0,0,1,1,100.0%,9,9.0,9.0,0,104.2,0.0,0,9,0,3,0,2.0,5,32,3,8.6%,oti
22,94.0,Austin Johnson,25.0,dl,16.0,1.0,0,1,1,100.0%,1,1.0,1.0,0,79.2,-5.0,-5,6,0,3,1,0.0,4,23,4,14.8%,oti
23,99.0,Jurrell Casey*,30.0,DT,14.0,14.0,0,0,0,,0,,,0,,,0,0,0,12,4,5.0,21,44,5,10.2%,oti
24,56.0,Sharif Finch,24.0,lb,8.0,3.0,0,0,0,,0,,,0,,,0,0,10,2,0,2.0,4,13,0,0.0%,oti
25,97.0,Isaiah Mack,23.0,dt,13.0,1.0,0,0,0,,0,,,0,,,0,0,0,1,0,1.5,3,8,1,11.1%,oti
26,92.0,Matt Dickerson,24.0,,5.0,0.0,0,0,0,,0,,,0,,,0,0,0,1,1,0.0,2,2,1,33.3%,oti
27,,Team Total,,,,,14,581,386,64.5%,4356,11.3,7.9,25,90.4,8.9,2610,1969,336,72,27,42.0,143,1089,110,9.2%,oti
0,23,Marshon Lattimore*,23,CB,14,14,1,88,44,50.0%,612,13.9,7.0,3,79.4,11.7,432,180,1,0,0,0.0,0,57,5,8.1%,nor
1,25,Eli Apple,24,CB,15,15,0,76,48,63.2%,683,14.2,9.0,2,100.9,11.4,483,200,1,0,1,0.0,1,58,6,9.4%,nor
2,56,Demario Davis+,30,LB,16,16,1,72,49,68.1%,313,6.4,4.3,1,75.8,3.8,125,188,104,6,4,4.0,15,111,5,4.3%,nor
3,26,P.J. Williams,26,cb/db,14,8,1,64,42,65.6%,523,12.5,8.2,5,110.4,9.3,316,207,35,1,0,1.0,2,44,11,20.0%,nor
4,53,A.J. Klein,28,LB,15,15,1,52,36,69.2%,376,10.4,7.2,4,107.5,5.3,184,192,53,2,2,2.5,7,69,7,9.2%,nor
5,22,Chauncey Gardner-Johnson,22,db,16,7,1,51,36,70.6%,340,9.4,6.7,2,93.6,6.4,136,204,30,3,4,0.0,7,49,4,7.5%,nor
6,24,Vonn Bell,25,S,13,13,1,51,35,68.6%,425,12.1,8.3,2,98.9,11.9,295,130,31,2,2,1.5,6,89,9,9.2%,nor
7,43,Marcus Williams,23,S,15,15,4,39,24,61.5%,538,22.4,13.8,6,105.4,10.1,240,298,5,0,0,0.0,0,55,9,14.1%,nor
8,21,Patrick Robinson,32,,11,0,0,23,13,56.5%,114,8.8,5.0,0,69.8,9.5,78,36,18,0,1,0.0,1,16,2,11.1%,nor
9,47,Kiko Alonso,29,lb,13,4,0,18,14,77.8%,105,7.5,5.8,1,109.5,8.0,72,33,23,4,1,0.0,5,31,2,6.1%,nor
10,52,Craig Robertson,31,lb,15,1,1,14,13,92.9%,97,7.5,6.9,1,89.6,3.7,40,57,14,0,1,1.0,2,27,6,18.2%,nor
11,34,Justin Hardee,25,,16,0,0,10,7,70.0%,111,15.9,11.1,0,106.7,10.7,82,29,1,1,0,0.0,1,11,1,8.3%,nor
12,20,Janoris Jenkins,31,db,2,1,1,10,7,70.0%,69,9.9,6.9,1,82.9,7.4,45,24,2,0,0,0.0,0,7,0,0.0%,nor
13,32,T.J. Green,24,,1,0,0,4,2,50.0%,26,13.0,6.5,0,70.8,20.8,24,2,0,0,0,0.0,0,2,0,0.0%,nor
14,47,Alex Anzalone,25,,2,0,0,3,2,66.7%,19,9.5,6.3,0,84.0,4.0,8,11,1,0,0,1.0,1,7,0,0.0%,nor
15,,,,,Games,Games,Pass Coverage,Pass Coverage,Pass Coverage,Pass Coverage,Pass Coverage,Pass Coverage,Pass Coverage,Pass Coverage,Pass Coverage,Pass Coverage,Pass Coverage,Pass Coverage,Pass Rush,Pass Rush,Pass Rush,Pass Rush,Pass Rush,Tackles,Tackles,Tackles,nor
16,No.,Player,Age,Pos,G,GS,Int,Tgt,Cmp,Cmp%,Yds,Yds/Cmp,Yds/Tgt,TD,Rat,DADOT,Air,YAC,Bltz,Hrry,QBKD,Sk,Prss,Comb,MTkl,MTkl%,nor
17,33,Saquan Hampton,24,,5,0,0,3,2,66.7%,26,13.0,8.7,0,93.7,3.3,4,22,1,0,0,0.0,0,1,0,0.0%,nor
18,94,Cameron Jordan*,30,DE,16,16,0,3,1,33.3%,11,11.0,3.7,0,45.1,1.0,-1,12,11,27,6,15.5,49,53,5,8.6%,nor
19,21,D.J. Swearinger,28,,1,0,0,3,1,33.3%,28,28.0,9.3,0,68.7,6.3,10,18,2,0,0,0.0,0,2,1,33.3%,nor
20,93,David Onyemata,27,DT,15,15,0,2,2,100.0%,21,10.5,10.5,0,110.4,3.5,7,14,0,6,6,3.0,15,32,4,11.1%,nor
21,92,Marcus Davenport,23,DE,13,13,0,2,1,50.0%,-7,-7.0,-3.5,0,56.2,-0.5,-7,0,10,12,8,6.0,26,31,2,6.1%,nor
22,90,Malcom Brown,25,DT,16,16,0,2,1,50.0%,8,8.0,4.0,0,60.4,-1.0,5,3,0,1,1,2.0,4,34,2,5.6%,nor
23,98,Sheldon Rankins,25,,10,0,0,1,1,100.0%,12,12.0,12.0,0,116.7,-1.0,-1,13,2,4,2,2.0,8,10,1,9.1%,nor
24,74,Shy Tuttle,24,dl,16,1,1,1,1,100.0%,1,1.0,1.0,0,39.6,-6.0,-6,7,0,2,1,2.0,6,18,1,5.3%,nor
25,57,Carl Granderson,23,,8,0,0,1,1,100.0%,28,28.0,28.0,0,118.7,21.0,21,7,0,1,1,1.0,3,11,1,8.3%,nor
26,55,Stephone Anthony,27,lb,12,1,0,1,0,0.0%,0,,0.0,0,39.6,-2.0,0,0,1,0,0,0.0,0,1,0,0.0%,nor
27,91,Trey Hendrickson,25,de,13,3,0,0,0,,0,,,0,,,0,0,1,8,4,4.5,17,19,1,5.0%,nor
28,97,Mario Edwards,25,,14,0,0,0,0,,0,,,0,,,0,0,0,1,0,3.0,4,8,0,0.0%,nor
29,48,J.T. Gray,23,,16,0,0,0,0,,0,,,0,,,0,0,2,0,0,0.0,0,17,0,0.0%,nor
30,95,Taylor Stallworth,24,,4,0,0,0,0,,0,,,0,,,0,0,0,1,0,0.0,1,8,0,0.0%,nor
31,51,Manti Te'o,28,lb,3,2,0,0,0,,0,,,0,,,0,0,2,0,1,0.0,1,6,1,14.3%,nor
32,,Team Total,,,,,13,594,371,61.5%,4201,11.3,7.5,27,88.3,8.6,2592,1887,351,82,46,50.0,182,895,86,8.8%,nor
0,26.0,Isaiah Oliver,23.0,CB,16.0,16.0,0,98,65,66.3%,908,14.0,9.3,5,113.0,10.4,527,381,1,0,1,0.0,1,62,7,10.1%,atl
1,45.0,Deion Jones,25.0,LB,16.0,16.0,1,65,38,58.5%,427,11.2,6.6,4,92.3,4.4,143,284,36,2,3,0.0,5,110,13,10.6%,atl
2,59.0,De'Vondre Campbell,26.0,LB,16.0,15.0,2,61,50,82.0%,462,9.2,7.6,3,101.0,6.2,239,223,65,2,0,2.0,4,129,7,5.1%,atl
3,20.0,Kendall Sheffield,23.0,CB,16.0,11.0,0,55,41,74.5%,445,10.9,8.1,2,110.0,6.5,213,232,5,1,0,0.0,1,46,5,9.8%,atl
4,37.0,Ricardo Allen,28.0,S,16.0,16.0,2,52,36,69.2%,372,10.3,7.2,5,105.6,7.6,202,170,9,1,0,0.0,1,85,8,8.6%,atl
5,27.0,Damontae Kazee,26.0,S,16.0,14.0,3,43,28,65.1%,323,11.5,7.5,1,66.3,8.2,159,164,10,0,0,0.0,0,74,11,12.9%,atl
6,21.0,Desmond Trufant,29.0,CB,9.0,9.0,4,38,25,65.8%,442,17.7,11.6,4,100.9,13.1,299,143,0,0,0,0.0,0,18,4,18.2%,atl
7,33.0,Blidi Wreh-Wilson,30.0,cb,14.0,2.0,0,33,15,45.5%,256,17.1,7.8,1,82.4,12.0,174,82,0,0,0,0.0,0,25,4,13.8%,atl
8,54.0,Foyesade Oluokun,24.0,mlb,16.0,3.0,0,24,22,91.7%,202,9.2,8.4,0,101.7,4.8,104,98,12,0,0,0.0,0,62,4,6.1%,atl
9,36.0,Kemal Ishmael,28.0,s,14.0,3.0,0,19,16,84.2%,204,12.8,10.7,2,146.5,8.9,134,70,7,1,0,0.0,1,44,3,6.4%,atl
10,35.0,Jamal Carter,25.0,,11.0,0.0,0,11,6,54.5%,90,15.0,8.2,0,81.6,9.9,43,47,2,0,0,0.0,0,10,2,16.7%,atl
11,22.0,Keanu Neal,24.0,s,3.0,3.0,0,10,7,70.0%,60,8.6,6.0,0,85.4,6.2,38,22,2,0,1,0.0,1,14,2,12.5%,atl
12,44.0,Vic Beasley,27.0,LB,16.0,15.0,0,9,8,88.9%,60,7.5,6.7,1,131.5,3.1,25,35,34,7,2,8.0,18,42,3,6.7%,atl
13,95.0,Jack Crawford,31.0,dl,16.0,4.0,0,5,3,60.0%,15,5.0,3.0,0,64.6,4.0,14,1,0,5,3,0.5,9,24,1,4.0%,atl
14,28.0,Jordan Miller,22.0,,10.0,0.0,0,3,2,66.7%,26,13.0,8.7,0,93.7,11.3,7,19,0,0,0,0.0,0,4,0,0.0%,atl
15,98.0,Takkarist McKinley,24.0,DE,14.0,13.0,0,2,2,100.0%,38,19.0,19.0,0,118.7,1.0,2,36,1,11,5,3.5,20,29,4,12.1%,atl
16,79.0,Jacob Tuioti-Mariner,23.0,dt,8.0,1.0,0,2,2,100.0%,3,1.5,1.5,1,118.7,0.0,0,3,0,2,0,0.0,2,14,0,0.0%,atl
17,99.0,Adrian Clayborn,31.0,de,15.0,1.0,0,1,1,100.0%,16,16.0,16.0,0,118.7,4.0,4,12,0,5,3,4.0,12,18,0,0.0%,atl
18,50.0,John Cominsky,24.0,,10.0,0.0,0,1,1,100.0%,6,6.0,6.0,0,91.7,-4.0,-4,10,0,2,0,0.5,3,11,0,0.0%,atl
19,32.0,Johnathan Cyprien,29.0,db,1.0,1.0,0,1,1,100.0%,14,14.0,14.0,0,118.7,11.0,11,3,0,0,0,0.0,0,2,1,33.3%,atl
20,97.0,Grady Jarrett*,26.0,DT,16.0,16.0,0,1,0,0.0%,0,,0.0,0,39.6,-4.0,0,0,0,10,8,7.5,26,69,8,10.4%,atl
21,93.0,Allen Bailey,30.0,de,15.0,5.0,0,1,0,0.0%,0,,0.0,0,39.6,-5.0,0,0,0,1,1,1.0,3,26,8,23.5%,atl
22,53.0,Jermaine Grace,26.0,,12.0,0.0,0,1,0,0.0%,0,,0.0,0,39.6,4.0,0,0,0,0,0,0.0,0,6,0,0.0%,atl
23,24.0,Jamar Taylor,29.0,,3.0,0.0,0,1,0,0.0%,0,,0.0,0,39.6,24.0,0,0,0,0,0,0.0,0,1,0,0.0%,atl
24,96.0,Tyeler Davison,27.0,DT,16.0,12.0,0,0,0,,0,,,0,,,0,0,0,2,1,1.0,4,55,0,0.0%,atl
25,94.0,Deadrin Senat,25.0,,2.0,0.0,0,0,0,,0,,,0,,,0,0,0,0,1,0.0,1,0,0,,atl
26,,Team Total,,,,,12,537,351,65.5%,4137,11.8,8.2,28,96.9,7.9,2337,2055,184,52,29,28.0,112,1014,95,8.6%,atl
0,24.0,James Bradberry,26.0,CB/db,15.0,15.0,3,97,58,59.8%,644,11.1,6.6,1,70.1,12.1,477,167,2,0,0,1.0,1,65,9,12.2%,car
1,54.0,Shaq Thompson,25.0,LB,14.0,14.0,0,79,57,72.2%,466,8.2,5.9,2,95.2,3.2,142,324,46,2,2,3.0,7,109,11,9.2%,car
2,25.0,Eric Reid,28.0,db/S,16.0,16.0,0,70,54,77.1%,750,13.9,10.7,8,149.1,8.9,423,327,43,3,1,4.0,8,130,9,6.5%,car
3,59.0,Luke Kuechly*,28.0,LB,16.0,16.0,2,68,46,67.6%,395,8.6,5.8,1,75.3,5.9,201,194,25,2,3,0.0,5,144,10,6.5%,car
4,47.0,Ross Cockrell,28.0,CB,14.0,11.0,2,67,37,55.2%,450,12.2,6.7,1,68.6,10.4,255,195,6,0,0,0.0,0,62,12,16.2%,car
5,26.0,Donte Jackson,24.0,CB/db,13.0,10.0,3,59,36,61.0%,612,17.0,10.4,5,103.2,16.0,435,177,1,0,0,0.0,0,40,12,23.1%,car
6,23.0,Javien Elliott,26.0,cb,16.0,3.0,1,36,28,77.8%,283,10.1,7.9,0,87.8,4.8,110,173,17,0,1,0.5,2,38,4,9.5%,car
7,33.0,Tre Boston,27.0,db/S,16.0,16.0,3,36,22,61.1%,329,15.0,9.1,2,74.9,15.2,269,60,2,0,1,0.0,1,68,13,16.0%,car
8,56.0,Jermaine Carter,24.0,lb,16.0,5.0,0,12,9,75.0%,84,9.3,7.0,0,93.7,4.2,39,45,12,1,2,0.5,4,31,3,8.8%,car
9,55.0,Bruce Irvin,32.0,LB,13.0,12.0,0,3,3,100.0%,44,14.7,14.7,0,118.7,-1.3,-4,48,41,9,5,8.5,23,36,5,12.2%,car
10,97.0,Mario Addison,32.0,de/LB,15.0,15.0,0,3,2,66.7%,19,9.5,6.3,0,84.0,7.7,13,6,4,8,3,9.5,22,34,1,2.9%,car
11,28.0,Rashaan Gaulden,24.0,,9.0,0.0,0,2,2,100.0%,10,5.0,5.0,0,87.5,-3.0,-6,16,0,0,0,0.0,0,3,1,25.0%,car
12,32.0,Cole Luke,24.0,,8.0,0.0,0,2,2,100.0%,16,8.0,8.0,0,100.0,5.5,11,5,0,0,0,0.0,0,3,1,25.0%,car
13,53.0,Brian Burns,21.0,de/lb,16.0,5.0,0,1,1,100.0%,4,4.0,4.0,0,83.3,-6.0,-6,10,12,8,7,7.5,23,25,3,10.7%,car
14,93.0,Gerald McCoy,31.0,DT,16.0,16.0,0,1,1,100.0%,14,14.0,14.0,0,118.7,-7.0,-7,21,0,10,6,5.0,22,37,5,11.9%,car
15,95.0,Dontari Poe,29.0,DT/nt,11.0,10.0,0,1,0,0.0%,0,,0.0,0,39.6,-2.0,0,0,0,1,2,4.0,7,22,2,8.3%,car
16,12.0,D.J. Moore,22.0,WR,15.0,15.0,0,1,0,0.0%,0,,0.0,0,39.6,9.0,0,0,0,0,0,0.0,0,0,0,,car
17,92.0,Vernon Butler,25.0,DT,14.0,9.0,0,0,0,,0,,,0,,,0,0,0,2,4,6.0,12,32,2,5.9%,car
18,50.0,Christian Miller,23.0,,7.0,0.0,0,0,0,,0,,,0,,,0,0,4,0,0,2.0,2,3,0,0.0%,car
19,98.0,Marquis Haynes,26.0,,11.0,0.0,0,0,0,,0,,,0,,,0,0,3,3,1,1.0,5,12,2,14.3%,car
20,91.0,Stacy McGee,29.0,,4.0,0.0,0,0,0,,0,,,0,,,0,0,0,0,0,0.5,1,2,0,0.0%,car
21,50.0,Wes Horton,30.0,,6.0,0.0,0,0,0,,0,,,0,,,0,0,0,2,1,0.0,3,4,1,20.0%,car
22,77.0,Kyle Love,33.0,dt,15.0,1.0,0,0,0,,0,,,0,,,0,0,0,2,1,0.0,3,8,1,11.1%,car
23,94.0,Efe Obada,27.0,,16.0,0.0,0,0,0,,0,,,0,,,0,0,0,3,3,0.0,6,24,1,4.0%,car
24,99.0,Kawann Short,30.0,dt,2.0,2.0,0,0,0,,0,,,0,,,0,0,0,1,3,0.0,4,4,1,20.0%,car
25,57.0,Andre Smith,22.0,,16.0,0.0,0,0,0,,0,,,0,,,0,0,1,0,0,0.0,0,5,0,0.0%,car
26,,Team Total,,,,,14,538,347,63.8%,3997,11.5,7.7,21,88.0,9.1,2352,1768,219,57,46,53.0,161,978,109,10.0%,car
0,33.0,Carlton Davis,23.0,CB/db,14.0,14.0,1,117,58,49.6%,648,11.2,5.5,6,80.0,10.7,513,135,1,0,0,0.0,0,60,10,14.3%,tam
1,54.0,Lavonte David,29.0,LB,16.0,16.0,1,90,57,63.3%,491,8.6,5.5,0,73.0,4.0,260,231,70,4,6,1.0,12,123,10,7.5%,tam
2,28.0,Vernon Hargreaves,24.0,cb/db,9.0,9.0,1,68,47,69.1%,634,13.5,9.3,4,112.0,11.6,421,213,1,0,0,0.0,0,40,6,13.0%,tam
3,26.0,Sean Murphy-Bunting,22.0,CB,16.0,10.0,3,60,39,65.0%,417,10.7,7.0,4,86.6,11.4,285,132,17,0,0,1.0,1,44,10,18.5%,tam
4,45.0,Devin White,21.0,LB,13.0,13.0,1,56,42,75.0%,348,8.3,6.2,1,89.0,4.3,145,203,75,0,2,2.5,5,91,12,11.7%,tam
5,35.0,Jamel Dean,23.0,cb,13.0,5.0,2,52,26,50.0%,317,12.2,6.1,3,72.4,10.4,198,119,0,0,0,0.0,0,21,2,8.7%,tam
6,34.0,Mike Edwards,23.0,db/s,15.0,7.0,0,50,33,66.0%,487,14.8,9.7,7,137.2,8.3,254,233,15,0,0,1.0,1,45,8,15.1%,tam
7,31.0,Jordan Whitehead,22.0,db/S,14.0,14.0,1,42,24,57.1%,373,15.5,8.9,2,92.7,11.8,234,139,58,3,1,0.0,4,69,11,13.8%,tam
8,36.0,M.J. Stewart,24.0,db,10.0,1.0,0,38,28,73.7%,281,10.0,7.4,2,111.8,6.8,148,133,10,0,0,0.0,0,35,3,7.9%,tam
9,51.0,Kevin Minter,29.0,lb,16.0,2.0,0,23,19,82.6%,223,11.7,9.7,1,121.6,7.0,137,86,46,4,1,0.0,5,34,6,15.0%,tam
10,24.0,Andrew Adams,27.0,S,14.0,11.0,1,19,13,68.4%,208,16.0,10.9,2,117.9,13.1,167,41,10,0,0,0.0,0,46,4,8.0%,tam
11,58.0,Shaquil Barrett*,27.0,LB,16.0,16.0,1,11,9,81.8%,66,7.3,6.0,0,53.8,0.5,7,59,174,14,16,19.5,51,58,6,9.4%,tam
12,29.0,Ryan Smith,26.0,,12.0,0.0,0,10,8,80.0%,152,19.0,15.2,1,152.1,11.1,77,75,0,0,0,0.0,0,11,3,21.4%,tam
13,90.0,Jason Pierre-Paul,30.0,de/lb,10.0,8.0,0,4,4,100.0%,38,9.5,9.5,0,106.2,3.3,13,25,23,9,6,8.5,24,27,8,22.9%,tam
14,37.0,Mazzi Wilkins,24.0,,5.0,0.0,0,4,4,100.0%,37,9.3,9.3,0,105.2,4.8,19,18,0,0,0,0.0,0,3,0,0.0%,tam
15,24.0,Darian Stewart,31.0,fs,13.0,1.0,0,4,2,50.0%,18,9.0,4.5,0,62.5,8.8,13,5,6,0,1,0.0,1,9,5,35.7%,tam
16,94.0,Carl Nassib,26.0,de/lb,14.0,8.0,0,2,2,100.0%,19,9.5,9.5,0,106.2,5.5,11,8,84,5,5,6.0,17,34,4,10.5%,tam
17,50.0,Vita Vea,24.0,DL/dt,16.0,16.0,0,2,1,50.0%,13,13.0,6.5,0,70.8,0.5,-3,16,2,7,10,2.5,22,35,4,10.3%,tam
18,92.0,William Gholston,28.0,de/dl,16.0,8.0,0,1,1,100.0%,15,15.0,15.0,0,118.7,0.0,0,15,6,3,6,1.0,12,38,2,5.0%,tam
19,23.0,Deone Bucannon,27.0,,5.0,0.0,0,1,1,100.0%,15,15.0,15.0,0,118.7,5.0,5,10,1,1,0,0.0,1,3,0,0.0%,tam
20,98.0,Anthony Nelson,22.0,lb,9.0,1.0,0,1,1,100.0%,6,6.0,6.0,0,91.7,5.0,5,1,11,0,0,0.0,0,8,1,11.1%,tam
21,93.0,Ndamukong Suh,32.0,DL/dt,16.0,16.0,0,1,0,0.0%,0,,0.0,0,39.6,-4.0,0,0,0,10,10,2.5,24,41,3,6.8%,tam
22,74.0,Sam Acho,31.0,,8.0,0.0,0,0,0,,0,,,0,,,0,0,0,0,0,1.0,1,3,0,0.0%,tam
23,91.0,Beau Allen,28.0,,13.0,0.0,0,0,0,,0,,,0,,,0,0,0,0,0,0.5,1,10,0,0.0%,tam
24,59.0,Devante Bond,26.0,,4.0,0.0,0,0,0,,0,,,0,,,0,0,2,0,0,0.0,0,3,0,0.0%,tam
25,56.0,Rakeem Nunez-Roches,26.0,,16.0,0.0,0,0,0,,-1,,,0,,,-3,2,1,2,1,0.0,3,9,0,0.0%,tam
26,79.0,Pat O'Connor,26.0,,8.0,0.0,0,0,0,,0,,,0,,,0,0,0,0,1,0.0,1,6,0,0.0%,tam
27,,Team Total,,,,,12,656,408,61.4%,4647,11.4,7.3,30,90.0,8.6,2906,1899,613,62,66,47.0,186,925,118,11.3%,tam
0,35.0,Charvarius Ward,23.0,CB,16.0,16.0,2,89,42,47.2%,629,15.0,7.1,1,65.2,12.5,430,199,3,1,0,0.0,1,74,5,6.3%,kan
1,32.0,Tyrann Mathieu+,27.0,S,16.0,16.0,4,80,45,56.3%,409,9.1,5.1,2,57.8,8.1,200,209,43,1,0,2.0,3,75,14,15.7%,kan
2,21.0,Bashaud Breeland,27.0,CB,16.0,15.0,2,62,30,48.4%,541,18.0,8.7,5,92.2,14.9,339,202,3,0,1,0.0,1,48,8,14.3%,kan
3,49.0,Daniel Sorensen,29.0,s,16.0,3.0,2,56,37,66.1%,348,9.4,6.2,1,74.1,5.4,142,206,29,0,2,0.0,2,57,4,6.6%,kan
4,54.0,Damien Wilson,26.0,LB,16.0,16.0,0,50,35,70.0%,255,7.3,5.1,2,95.0,3.0,69,186,49,1,2,1.5,5,81,6,6.9%,kan
5,53.0,Anthony Hitchens,27.0,LB,15.0,15.0,0,40,31,77.5%,340,11.0,8.5,1,110.4,3.4,96,244,37,1,1,2.0,5,88,12,12.0%,kan
6,29.0,Kendall Fuller,24.0,cb,11.0,4.0,0,36,28,77.8%,321,11.5,8.9,3,131.6,7.6,173,148,19,2,0,1.0,3,49,3,5.8%,kan
7,56.0,Ben Niemann,24.0,lb,16.0,1.0,0,33,25,75.8%,202,8.1,6.1,1,100.8,3.7,59,143,44,1,1,0.0,2,56,3,5.1%,kan
8,22.0,Juan Thornhill,24.0,S,16.0,16.0,3,28,13,46.4%,121,9.3,4.3,2,43.0,12.1,58,63,12,1,0,0.0,1,58,14,19.4%,kan
9,27.0,Rashad Fenton,22.0,,12.0,0.0,1,17,8,47.1%,87,10.9,5.1,1,57.7,15.3,65,22,7,0,1,0.0,1,15,0,0.0%,kan
10,50.0,Darron Lee,25.0,lb,16.0,2.0,0,15,15,100.0%,130,8.7,8.7,0,102.8,2.3,35,95,11,1,0,0.0,1,31,5,13.9%,kan
11,59.0,Reggie Ragland,26.0,lb,14.0,7.0,0,14,9,64.3%,60,6.7,4.3,0,73.5,1.3,16,44,28,2,1,2.0,4,30,1,3.2%,kan
12,55.0,Frank Clark*,26.0,DE,14.0,11.0,1,7,6,85.7%,41,6.8,5.9,0,51.5,0.4,1,40,5,12,7,8.0,27,37,5,11.9%,kan
13,20.0,Morris Claiborne,29.0,db,8.0,1.0,0,7,4,57.1%,41,10.3,5.9,0,74.1,15.1,23,18,0,0,0,0.0,0,14,0,0.0%,kan
14,23.0,Armani Watts,23.0,,16.0,0.0,0,4,3,75.0%,37,12.3,9.3,0,103.1,12.8,34,3,2,0,0,1.0,1,17,0,0.0%,kan
15,97.0,Alex Okafor,28.0,DE,10.0,9.0,0,2,1,50.0%,11,11.0,5.5,0,66.7,6.0,10,1,0,1,4,5.0,10,22,2,8.3%,kan
16,24.0,Jordan Lucas,26.0,,14.0,0.0,0,2,0,0.0%,20,,10.0,0,68.7,37.5,20,0,1,0,1,0.0,1,7,2,22.2%,kan
17,92.0,Tanoh Kpassagnon,25.0,DE,16.0,8.0,0,1,1,100.0%,37,37.0,37.0,0,118.7,-2.0,4,33,1,5,7,4.0,16,29,3,9.4%,kan
18,52.0,Demone Harris,24.0,,4.0,0.0,0,1,1,100.0%,12,12.0,12.0,0,116.7,4.0,4,8,1,0,1,0.0,1,4,1,20.0%,kan
19,95.0,Chris Jones*,25.0,DT,13.0,12.0,0,1,0,0.0%,7,,7.0,0,56.2,0.0,0,7,0,7,11,9.0,27,36,2,5.3%,kan
20,90.0,Emmanuel Ogbah,26.0,de,10.0,4.0,0,0,0,,0,,,0,,,0,0,0,4,5,5.5,14,32,5,13.5%,kan
21,91.0,Derrick Nnadi,23.0,DT,16.0,16.0,1,0,0,,0,,,0,,,0,0,0,3,1,1.0,5,48,3,5.9%,kan
22,64.0,Mike Pennel,28.0,,8.0,0.0,0,0,0,,0,,,0,,,0,0,1,2,1,1.0,4,24,1,4.0%,kan
23,99.0,Khalen Saunders,23.0,dt,12.0,4.0,0,0,0,,0,,,0,,,0,0,0,1,1,1.0,3,22,0,0.0%,kan
24,56.0,Terrell Suggs,37.0,,2.0,0.0,0,0,0,,0,,,0,,,0,0,4,1,1,1.0,3,3,0,0.0%,kan
25,30.0,Alex Brown,23.0,,3.0,0.0,0,0,0,,0,,,0,,,0,0,1,0,1,0.0,1,2,0,0.0%,kan
26,93.0,Joey Ivie,24.0,,5.0,0.0,0,0,0,,0,,,0,,,0,0,0,1,1,0.0,2,2,0,0.0%,kan
27,69.0,Terrell McClain,31.0,,2.0,0.0,0,0,0,,0,,,0,,,0,0,0,0,0,0.0,0,3,1,25.0%,kan
28,98.0,Xavier Williams,27.0,,5.0,0.0,0,0,0,,0,,,0,,,0,0,0,1,0,0.0,1,8,1,11.1%,kan
29,,Team Total,,,,,16,545,352,60.5%,3881,11.0,6.7,21,80.8,8.4,1778,1871,301,49,51,45.0,145,1002,101,9.2%,kan
0,58.0,Thomas Davis,36.0,LB,16.0,16.0,0,66,43,65.2%,340,7.9,5.2,2,87.9,4.7,112,228,16,0,0,1.0,2,112,14,11.1%,sdg
1,43.0,Michael Davis,24.0,CB,12.0,12.0,2,61,36,59.0%,402,11.2,6.6,2,76.0,10.4,292,110,3,0,0,0.0,0,39,7,15.2%,sdg
2,20.0,Desmond King,25.0,DB,15.0,8.0,0,54,45,83.3%,514,11.4,9.5,3,124.8,6.0,268,246,15,2,2,2.5,7,51,2,3.8%,sdg
3,26.0,Casey Hayward,30.0,CB,16.0,16.0,2,48,30,62.5%,393,13.1,8.2,4,98.7,14.3,311,82,0,0,0,0.0,0,32,3,8.6%,sdg
4,49.0,Drue Tranquill,24.0,lb,15.0,3.0,0,37,30,81.1%,298,9.9,8.1,1,109.2,5.7,163,135,10,0,0,0.0,0,75,8,9.6%,sdg
5,27.0,Jaylen Watkins,28.0,s,14.0,3.0,0,29,24,82.8%,235,9.8,8.1,1,111.9,6.9,104,131,2,1,0,0.0,1,29,3,9.4%,sdg
6,28.0,Brandon Facyson,25.0,cb,16.0,4.0,0,27,19,70.4%,193,10.2,7.1,1,102.9,9.9,152,41,0,0,0,0.0,0,41,3,6.8%,sdg
7,52.0,Denzel Perryman,27.0,LB,14.0,10.0,1,27,19,70.4%,171,9.0,6.3,0,71.7,5.0,97,74,3,0,0,0.0,0,68,11,13.9%,sdg
8,36.0,Roderic Teamer,22.0,s,7.0,6.0,1,19,15,78.9%,202,13.5,10.6,1,106.6,5.2,92,110,2,0,0,1.0,1,40,5,11.1%,sdg
9,31.0,Adrian Phillips,27.0,db/s,7.0,5.0,0,17,15,88.2%,109,7.3,6.4,0,93.4,4.5,72,37,4,0,0,0.0,0,36,6,14.3%,sdg
10,44.0,Kyzir White,23.0,lb,16.0,7.0,1,16,12,75.0%,145,12.1,9.1,2,115.9,2.4,32,113,4,0,0,0.0,0,40,3,7.0%,sdg
11,23.0,Rayshawn Jenkins,25.0,S,16.0,16.0,3,16,9,56.3%,240,26.7,15.0,2,101.0,23.3,189,51,6,2,0,0.0,2,54,8,12.9%,sdg
12,33.0,Derwin James,23.0,db,5.0,5.0,0,14,12,85.7%,43,3.6,3.1,1,103.3,0.0,-5,48,17,1,0,0.0,1,34,4,10.5%,sdg
13,57.0,Jatavis Brown,25.0,lb,13.0,1.0,0,7,6,85.7%,83,13.8,11.9,1,155.7,2.9,17,66,1,0,0,0.0,0,10,3,23.1%,sdg
14,42.0,Uchenna Nwosu,23.0,lb,16.0,3.0,0,7,5,71.4%,18,3.6,2.6,0,74.1,4.3,2,16,20,10,5,2.0,17,31,7,18.4%,sdg
15,54.0,Melvin Ingram*,30.0,DE,13.0,13.0,1,6,5,83.3%,54,10.8,9.0,0,64.6,-2.2,-8,62,4,11,4,7.0,23,48,6,11.1%,sdg
16,71.0,Damion Square,30.0,nt,16.0,4.0,0,4,3,75.0%,28,9.3,7.0,0,93.7,-4.8,-13,41,0,2,1,0.0,3,27,4,12.9%,sdg
17,93.0,Justin Jones,24.0,DT,12.0,12.0,0,3,3,100.0%,8,2.7,2.7,0,79.2,-3.0,-9,17,0,4,2,0.0,6,30,5,14.3%,sdg
18,97.0,Joey Bosa*,24.0,DE,16.0,16.0,0,1,1,100.0%,13,13.0,13.0,0,118.7,-3.0,-3,16,0,25,16,11.5,54,67,9,11.8%,sdg
19,15.0,Jalen Guyton,22.0,,3.0,0.0,0,1,1,100.0%,9,9.0,9.0,0,104.2,6.0,6,3,0,0,0,0.0,0,1,0,0.0%,sdg
20,78.0,T.Y. McGill,27.0,,3.0,0.0,0,1,1,100.0%,5,5.0,5.0,0,87.5,-4.0,-4,9,0,0,0,0.0,0,2,0,0.0%,sdg
21,32.0,Nasir Adderley,22.0,,4.0,0.0,0,1,0,0.0%,0,,0.0,0,39.6,3.0,0,0,0,0,0,0.0,0,2,0,0.0%,sdg
22,99.0,Jerry Tillery,23.0,dt,15.0,3.0,0,0,0,,0,,,0,,,0,0,0,0,0,2.0,3,17,0,0.0%,sdg
23,92.0,Brandon Mebane,34.0,NT,13.0,13.0,0,0,0,,0,,,0,,,0,0,0,3,1,1.0,5,27,5,15.6%,sdg
24,98.0,Isaac Rochell,24.0,,16.0,0.0,0,0,0,,0,,,0,,,0,0,0,1,0,1.0,2,12,1,7.7%,sdg
25,48.0,Nick Dzubnar,28.0,,16.0,0.0,0,0,0,,0,,,0,,,0,0,0,0,0,0.0,0,8,1,11.1%,sdg
26,75.0,Michael Schofield,29.0,G,16.0,16.0,0,0,0,,0,,,0,,,0,0,0,1,0,0.0,1,0,0,,sdg
27,96.0,Sylvester Williams,31.0,,5.0,0.0,0,0,0,,0,,,0,,,0,0,0,1,0,0.0,1,5,0,0.0%,sdg
28,,Team Total,,,,,11,462,328,70.7%,3394,10.3,7.6,21,96.7,7.3,1867,1636,107,64,31,29.0,129,978,118,10.8%,sdg
0,51.0,Todd Davis,27.0,LB,14.0,14.0,0,79,61,77.2%,526,8.6,6.7,3,106.8,3.4,220,306,24,2,1,0.0,3,134,6,4.3%,den
1,25.0,Chris Harris,30.0,CB,16.0,16.0,1,73,49,67.1%,731,14.9,10.0,4,112.3,11.8,495,236,1,0,0,0.0,0,56,2,3.4%,den
2,26.0,Isaac Yiadom,23.0,CB,16.0,8.0,0,54,38,70.4%,490,12.9,9.1,0,98.5,12.8,368,122,0,0,0,0.0,0,43,4,8.5%,den
3,31.0,Justin Simmons,26.0,S,16.0,16.0,4,53,28,52.8%,288,10.3,5.4,1,43.6,10.2,179,109,2,1,0,0.0,1,93,8,7.9%,den
4,27.0,Davontae Harris,24.0,cb,16.0,6.0,0,50,33,66.0%,330,10.0,6.6,3,104.6,9.0,221,109,1,0,0,0.0,0,35,5,12.5%,den
5,22.0,Kareem Jackson,31.0,DB,13.0,13.0,2,44,27,61.4%,278,10.3,6.3,2,75.8,8.4,179,99,3,1,0,0.0,1,71,9,11.3%,den
6,45.0,Alexander Johnson,28.0,LB,15.0,12.0,1,42,34,81.0%,236,6.9,5.6,0,80.2,1.0,16,220,50,2,2,1.5,6,93,8,7.9%,den
7,34.0,Will Parks,25.0,s,14.0,7.0,1,37,21,56.8%,264,12.6,7.1,3,94.9,10.7,174,90,12,1,1,1.0,3,35,7,16.7%,den
8,20.0,Duke Dawson,23.0,cb,14.0,3.0,0,20,15,75.0%,132,8.8,6.6,0,92.1,4.3,58,74,8,1,0,0.0,1,19,3,13.6%,den
9,41.0,De'Vante Bausby,26.0,cb,5.0,2.0,0,15,8,53.3%,75,9.4,5.0,0,67.4,10.2,53,22,0,0,0,0.0,0,13,3,18.8%,den
10,47.0,Josey Jewell,25.0,lb,15.0,3.0,0,14,11,78.6%,100,9.1,7.1,0,96.4,6.1,44,56,9,1,0,1.5,3,38,6,13.6%,den
11,36.0,Trey Marshall,23.0,s,16.0,2.0,0,11,8,72.7%,150,18.8,13.6,0,114.8,18.7,129,21,0,0,0,0.0,0,25,1,3.8%,den
12,52.0,Justin Hollins,23.0,,15.0,0.0,0,10,8,80.0%,48,6.0,4.8,1,120.0,2.0,25,23,22,3,1,1.0,4,21,2,8.7%,den
13,51.0,Jeremiah Attaochu,26.0,lb,12.0,5.0,0,7,7,100.0%,106,15.1,15.1,1,158.3,-0.9,-6,112,10,4,2,3.5,10,21,2,8.7%,den
14,59.0,Malik Reed,23.0,LB,15.0,8.0,0,6,4,66.7%,32,8.0,5.3,0,79.9,3.2,-6,38,38,6,3,2.0,9,27,2,6.9%,den
15,58.0,Von Miller*,30.0,LB,15.0,15.0,0,4,4,100.0%,41,10.3,10.3,0,109.4,3.8,15,26,52,18,10,8.0,37,46,2,4.2%,den
16,55.0,Bradley Chubb,23.0,lb,4.0,4.0,0,2,2,100.0%,34,17.0,17.0,0,118.7,1.5,3,31,13,5,4,1.0,10,21,8,27.6%,den
17,56.0,Corey Nelson,27.0,lb,7.0,2.0,0,2,2,100.0%,35,17.5,17.5,0,118.7,2.0,4,31,3,0,0,0.0,0,10,1,9.1%,den
18,24.0,Coty Sensabaugh,31.0,,4.0,0.0,0,2,1,50.0%,5,5.0,2.5,0,56.2,7.5,5,0,0,0,0,0.0,0,2,0,0.0%,den
19,93.0,Dre'Mont Jones,22.0,de,14.0,1.0,1,1,1,100.0%,11,11.0,11.0,0,72.9,-2.0,-2,13,0,1,1,3.5,6,14,0,0.0%,den
20,95.0,Derek Wolfe,29.0,DE,12.0,12.0,0,1,0,0.0%,0,,0.0,0,39.6,-5.0,0,0,0,5,6,7.0,18,34,3,8.1%,den
21,96.0,Shelby Harris,28.0,DE/nt,16.0,16.0,0,1,0,0.0%,0,,0.0,0,39.6,0.0,0,0,0,5,0,6.0,11,49,1,2.0%,den
22,57.0,DeMarcus Walker,25.0,de,10.0,1.0,0,1,0,0.0%,0,,0.0,0,39.6,-2.0,0,0,5,1,1,4.0,6,22,3,12.0%,den
23,87.0,Noah Fant,22.0,TE,16.0,11.0,0,1,0,0.0%,0,,0.0,0,39.6,11.0,0,0,0,0,0,0.0,0,0,0,,den
24,94.0,Ahmad Gooden,24.0,,3.0,0.0,0,0,0,,0,,,0,,,0,0,0,0,1,0.0,1,1,0,0.0%,den
25,99.0,Adam Gotsis,27.0,de,9.0,3.0,0,0,0,,0,,,0,,,0,0,0,1,0,0.0,1,16,4,20.0%,den
26,98.0,Mike Purcell,28.0,dl,13.0,7.0,0,0,0,,0,,,0,,,0,0,0,4,2,0.0,6,48,6,11.1%,den
27,,Team Total,,,,,10,530,348,64.8%,3822,11.0,7.4,19,89.8,8.0,2174,1738,253,62,35,40.0,137,1020,96,8.6%,den
0,20,Daryl Worley,24,CB,15,15,1,86,46,53.5%,711,15.5,8.3,5,95.6,11.0,447,264,2,1,0,0.0,1,58,8,12.1%,rai
1,29,Lamarcus Joyner,29,S,14,10,0,72,50,69.4%,541,10.8,7.5,4,109.8,7.1,289,252,15,1,0,0.0,1,49,6,10.9%,rai
2,27,Trayvon Mullen,22,CB,16,10,1,68,38,55.9%,447,11.8,6.6,2,79.7,10.1,257,190,1,0,1,0.0,1,50,5,9.1%,rai
3,59,Tahir Whitehead,29,LB,16,16,0,66,52,78.8%,688,13.2,10.4,6,140.4,7.2,340,348,25,1,1,0.0,2,108,5,4.4%,rai
4,50,Nicholas Morrow,24,LB,16,8,1,57,41,71.9%,420,10.2,7.4,2,97.1,4.2,146,274,33,2,4,0.0,6,73,10,12.0%,rai
5,25,Erik Harris,29,S,16,14,3,40,24,60.0%,349,14.5,8.7,4,90.5,14.4,229,120,13,0,0,0.0,0,74,7,8.6%,rai
6,21,Gareon Conley,24,cb,6,6,1,27,18,66.7%,316,17.6,11.7,4,130.6,13.0,192,124,0,0,0,0.0,0,23,2,8.0%,rai
7,26,Nevin Lawson,28,cb,11,5,0,26,14,53.8%,215,15.4,8.3,2,107.1,12.3,150,65,5,0,0,0.0,0,24,2,7.7%,rai
8,42,Karl Joseph,26,S,9,9,1,25,17,68.0%,324,19.1,13.0,1,107.5,16.6,246,78,11,1,2,0.0,3,49,8,14.0%,rai
9,40,William Compton,30,lb,9,4,0,16,14,87.5%,131,9.4,8.2,0,100.8,2.9,38,93,9,1,0,0.0,1,41,2,4.7%,rai
10,55,Vontaze Burfict,29,lb,4,4,0,13,9,69.2%,87,9.7,6.7,1,113.3,6.7,44,43,8,0,0,0.0,0,18,5,21.7%,rai
11,35,Curtis Riley,27,s,16,3,0,13,9,69.2%,172,19.1,13.2,2,151.4,15.2,130,42,6,1,0,0.0,1,34,5,12.8%,rai
12,22,Keisean Nixon,22,,14,0,0,7,6,85.7%,128,21.3,18.3,0,118.7,14.3,91,37,0,0,0,0.0,0,12,1,7.7%,rai
13,21,D.J. Swearinger,28,s,4,3,0,6,4,66.7%,61,15.3,10.2,0,100.0,12.8,32,29,8,3,0,0.0,3,20,3,13.0%,rai
14,96,Clelin Ferrell,22,DE,15,15,0,4,3,75.0%,12,4.0,3.0,0,77.1,2.0,-3,15,0,8,2,4.5,15,38,5,11.6%,rai
15,,,,,Games,Games,Pass Coverage,Pass Coverage,Pass Coverage,Pass Coverage,Pass Coverage,Pass Coverage,Pass Coverage,Pass Coverage,Pass Coverage,Pass Coverage,Pass Coverage,Pass Coverage,Pass Rush,Pass Rush,Pass Rush,Pass Rush,Pass Rush,Tackles,Tackles,Tackles,rai
16,No.,Player,Age,Pos,G,GS,Int,Tgt,Cmp,Cmp%,Yds,Yds/Cmp,Yds/Tgt,TD,Rat,DADOT,Air,YAC,Bltz,Hrry,QBKD,Sk,Prss,Comb,MTkl,MTkl%,rai
17,24,Johnathan Abram,23,s,1,1,0,3,2,66.7%,62,31.0,20.7,0,109.7,21.7,49,13,1,0,0,0.0,0,5,2,28.6%,rai
18,97,Josh Mauro,28,de,13,7,0,3,1,33.3%,1,1.0,0.3,0,42.4,0.0,-4,5,0,2,0,0.0,2,19,1,5.0%,rai
19,58,Kyle Wilber,30,lb,14,1,0,3,1,33.3%,5,5.0,1.7,0,42.4,3.3,2,3,4,0,0,0.0,0,6,0,0.0%,rai
20,52,Marquel Lee,24,lb,5,3,0,2,2,100.0%,32,16.0,16.0,0,118.7,7.5,15,17,6,0,0,0.0,0,11,0,0.0%,rai
21,56,Justin Phillips,24,,4,0,0,2,2,100.0%,26,13.0,13.0,0,118.7,2.5,5,21,1,0,0,0.0,0,7,0,0.0%,rai
22,31,Isaiah Johnson,24,,5,0,0,2,1,50.0%,20,20.0,10.0,0,85.4,11.5,20,0,0,0,0,0.0,0,2,0,0.0%,rai
23,91,Benson Mayowa,28,,15,0,0,1,1,100.0%,30,30.0,30.0,0,118.7,3.0,3,27,0,3,4,7.0,15,15,2,11.8%,rai
24,90,Johnathan Hankins,27,DT,16,16,0,1,1,100.0%,1,1.0,1.0,0,79.2,0.0,0,1,0,6,3,1.5,11,50,8,13.8%,rai
25,52,Preston Brown,27,,1,0,0,1,1,100.0%,6,6.0,6.0,0,91.7,3.0,3,3,1,0,0,0.0,0,1,0,0.0%,rai
26,32,Dallin Leavitt,25,,15,0,0,1,1,100.0%,12,12.0,12.0,0,116.7,12.0,12,0,1,0,0,0.0,0,10,1,9.1%,rai
27,73,Maurice Hurst,24,dt,16,4,1,1,0,0.0%,0,,0.0,0,0.0,-10.0,0,0,0,6,2,3.5,12,18,2,10.0%,rai
28,98,Maxx Crosby,22,DE,16,10,0,0,0,,0,,,0,,,0,0,0,16,4,10.0,31,47,11,19.0%,rai
29,95,Dion Jordan,29,,7,0,0,0,0,,0,,,0,,,0,0,0,3,0,2.0,5,5,2,28.6%,rai
30,99,Arden Key,23,,7,0,0,0,0,,0,,,0,,,0,0,0,0,2,2.0,4,4,0,0.0%,rai
31,92,P.J. Hall,24,DT,16,12,0,0,0,,0,,,0,,,0,0,0,3,1,1.5,6,26,5,16.1%,rai
32,94,Corey Liuget,29,,3,0,0,0,0,,0,,,0,,,0,0,0,0,1,0.0,1,3,0,0.0%,rai
33,,Team Total,,,,,9,546,337,64.1%,4355,12.9,8.8,33,103.8,9.4,2733,2064,150,58,27,32.0,121,924,108,10.5%,rai
0,33.0,Byron Murphy,21.0,CB,16.0,16.0,1,112,78,69.6%,754,9.7,6.7,9,111.2,8.7,524,230,12,0,0,0.0,0,78,9,10.3%,crd
1,21.0,Patrick Peterson,29.0,CB/db,10.0,10.0,2,73,48,65.8%,621,12.9,8.5,4,99.2,9.2,354,267,2,0,0,1.0,1,53,6,10.2%,crd
2,58.0,Jordan Hicks,27.0,LB,16.0,16.0,3,69,54,78.3%,612,11.3,8.9,3,100.0,5.6,297,315,86,1,4,1.5,7,150,18,10.7%,crd
3,43.0,Haason Reddick,25.0,lb,16.0,5.0,0,56,42,75.0%,347,8.3,6.2,7,130.0,4.9,126,221,90,3,3,1.0,7,76,11,12.6%,crd
4,32.0,Budda Baker*,23.0,S,16.0,16.0,0,55,40,72.7%,506,12.7,9.2,4,125.3,8.1,298,208,44,3,1,0.5,5,147,11,7.0%,crd
5,20.0,Tramaine Brock,31.0,cb,10.0,7.0,0,47,30,63.8%,353,11.8,7.5,2,100.8,8.0,222,131,15,1,2,0.0,3,37,6,14.0%,crd
6,59.0,Joe Walker,27.0,LB,16.0,11.0,0,33,24,72.7%,234,9.8,7.1,1,102.3,4.7,67,167,31,1,1,0.0,2,65,11,14.5%,crd
7,34.0,Jalen Thompson,21.0,S,15.0,9.0,1,30,25,83.3%,203,8.1,6.8,1,92.1,4.9,130,73,7,0,1,0.0,1,57,8,12.3%,crd
8,25.0,Chris Jones,24.0,cb,11.0,3.0,0,25,14,56.0%,266,19.0,10.6,1,106.4,18.8,155,111,4,0,0,0.0,0,22,3,12.0%,crd
9,27.0,Kevin Peterson,25.0,cb,14.0,3.0,0,23,17,73.9%,312,18.4,13.6,0,115.8,9.1,141,171,3,0,0,0.0,0,22,4,15.4%,crd
10,36.0,D.J. Swearinger,28.0,s,4.0,4.0,0,14,11,78.6%,133,12.1,9.5,2,145.8,9.8,105,28,12,1,1,0.0,2,28,6,17.6%,crd
11,55.0,Chandler Jones*+,29.0,LB,16.0,16.0,0,10,9,90.0%,87,9.7,8.7,1,136.2,0.8,12,75,143,15,5,19.0,40,53,5,8.6%,crd
12,54.0,Cassius Marsh,27.0,lb,16.0,3.0,0,7,7,100.0%,73,10.4,10.4,0,110.1,-0.6,-4,77,55,5,3,2.5,11,36,4,10.0%,crd
13,35.0,Deionte Thompson,22.0,s,11.0,2.0,0,5,5,100.0%,98,19.6,19.6,1,158.3,11.8,59,39,5,0,1,0.0,1,18,2,10.0%,crd
14,56.0,Terrell Suggs,37.0,LB,13.0,13.0,0,3,3,100.0%,95,31.7,31.7,0,118.7,3.7,11,84,82,5,2,5.5,14,37,8,17.8%,crd
15,31.0,Chris Banjo,29.0,,13.0,0.0,0,3,3,100.0%,31,10.3,10.3,0,109.7,7.0,21,10,2,0,0,0.0,0,12,1,7.7%,crd
16,50.0,Tanner Vallejo,25.0,,2.0,0.0,0,2,2,100.0%,13,6.5,6.5,0,93.7,-4.5,-9,22,1,0,0,1.0,1,7,1,12.5%,crd
17,90.0,Jonathan Bullard,26.0,dl,9.0,6.0,0,1,1,100.0%,23,23.0,23.0,0,118.7,5.0,5,18,0,2,5,1.5,9,22,6,21.4%,crd
18,50.0,Brooks Reed,32.0,,9.0,0.0,0,1,1,100.0%,7,7.0,7.0,0,95.8,5.0,5,2,4,1,0,1.0,2,8,1,11.1%,crd
19,95.0,Rodney Gunter,27.0,DL,13.0,13.0,0,0,0,,0,,,0,,,0,0,0,3,6,3.0,13,31,2,6.1%,crd
20,98.0,Corey Peters,31.0,DL,16.0,16.0,0,0,0,,0,,,0,,,0,0,0,5,3,2.5,11,38,7,15.6%,crd
21,97.0,Zach Allen,22.0,dl,4.0,1.0,0,0,0,,0,,,0,,,0,0,0,0,3,0.0,3,8,1,11.1%,crd
22,91.0,Michael Dogbe,23.0,,8.0,0.0,0,0,0,,0,,,0,,,0,0,0,0,0,0.0,0,5,1,16.7%,crd
23,49.0,Kylie Fitts,25.0,,3.0,0.0,0,0,0,,0,,,0,,,0,0,5,1,0,0.0,1,4,0,0.0%,crd
24,92.0,Zach Kerr,29.0,dl,12.0,3.0,0,0,0,,0,,,0,,,0,0,0,2,2,0.0,4,19,1,5.0%,crd
25,93.0,Clinton McDonald,32.0,,9.0,0.0,0,0,0,,0,,,0,,,0,0,0,1,1,0.0,2,8,1,11.1%,crd
26,75.0,Caraun Reid,28.0,dl,3.0,3.0,0,0,0,,0,,,0,,,0,0,0,2,0,0.0,2,4,1,20.0%,crd
27,,Team Total,,,,,7,569,421,70.0%,4785,11.4,8.4,38,109.9,7.6,2523,2249,603,52,44,40.0,142,1106,135,10.9%,crd
0,54.0,Fred Warner,23.0,LB,16.0,16.0,1,74,49,66.2%,454,9.3,6.1,2,86.2,3.7,158,296,35,3,1,3.0,7,118,17,12.6%,sfo
1,25.0,Richard Sherman*,31.0,CB/db,15.0,15.0,3,69,43,62.3%,387,9.0,5.6,1,64.1,9.2,276,111,1,1,0,0.0,1,61,7,10.3%,sfo
2,24.0,K'Waun Williams,28.0,cb/db,15.0,8.0,2,61,42,68.9%,364,8.7,6.0,1,76.1,3.6,123,241,27,3,2,1.0,7,51,11,17.7%,sfo
3,41.0,Emmanuel Moseley,23.0,CB/db,16.0,9.0,1,59,32,54.2%,392,12.3,6.6,2,79.2,9.4,165,227,2,0,0,0.0,0,50,5,9.1%,sfo
4,23.0,Ahkello Witherspoon,24.0,cb/db,10.0,8.0,1,53,30,56.6%,383,12.8,7.2,6,109.2,12.7,220,163,3,0,0,0.0,0,28,7,20.0%,sfo
5,57.0,Dre Greenlaw,22.0,LB,16.0,11.0,1,42,36,85.7%,265,7.4,6.3,0,83.0,2.7,51,214,36,2,1,1.0,4,92,2,2.1%,sfo
6,20.0,Jimmie Ward,28.0,DB,13.0,13.0,0,31,18,58.1%,172,9.6,5.5,3,105.8,7.7,107,65,2,0,0,1.0,1,65,3,4.4%,sfo
7,29.0,Jaquiski Tartt,27.0,db/S,12.0,12.0,0,23,10,43.5%,77,7.7,3.3,1,66.8,10.2,34,43,13,2,0,0.5,3,48,4,7.7%,sfo
8,56.0,Kwon Alexander,25.0,LB,8.0,8.0,1,21,13,61.9%,114,8.8,5.4,0,56.4,3.0,5,109,13,2,0,0.5,3,34,7,17.1%,sfo
9,36.0,Marcell Harris,25.0,s,13.0,4.0,0,17,10,58.8%,115,11.5,6.8,2,118.5,10.2,77,38,9,1,1,0.0,2,40,7,14.9%,sfo
10,32.0,D.J. Reed,23.0,,16.0,0.0,0,12,8,66.7%,116,14.5,9.7,1,125.7,8.9,39,77,2,1,0,0.0,1,13,1,7.1%,sfo
11,51.0,Azeez Al-Shaair,22.0,lb,15.0,4.0,0,11,9,81.8%,115,12.8,10.5,1,140.5,2.4,22,93,4,0,0,0.0,0,18,7,28.0%,sfo
12,33.0,Tarvarius Moore,23.0,db,16.0,3.0,0,5,1,20.0%,7,7.0,1.4,0,39.6,13.8,-1,8,1,0,0,0.0,0,25,5,16.7%,sfo
13,97.0,Nick Bosa*,22.0,de/DL,16.0,14.0,1,3,2,66.7%,31,15.5,10.3,0,61.1,3.3,15,16,1,24,12,9.0,45,47,3,6.0%,sfo
14,47.0,Elijah Lee,23.0,lb,8.0,1.0,0,3,2,66.7%,6,3.0,2.0,0,70.1,-1.7,-5,11,0,0,0,0.0,0,7,1,12.5%,sfo
15,29.0,Dontae Johnson,28.0,,7.0,0.0,0,2,2,100.0%,13,6.5,6.5,0,93.7,2.0,4,9,0,0,0,0.0,0,3,0,0.0%,sfo
16,99.0,DeForest Buckner,25.0,de/DL,16.0,16.0,0,1,1,100.0%,-5,-5.0,-5.0,0,79.2,-6.0,-6,1,0,7,5,7.5,20,62,3,4.6%,sfo
17,93.0,D.J. Jones,24.0,dl/dt,11.0,11.0,0,1,1,100.0%,4,4.0,4.0,0,83.3,-2.0,-2,6,0,2,0,2.0,4,23,2,8.0%,sfo
18,78.0,Jeremiah Valoaga,25.0,,4.0,0.0,0,1,1,100.0%,9,9.0,9.0,0,104.2,1.0,1,8,0,0,0,0.0,0,2,0,0.0%,sfo
19,91.0,Arik Armstead,26.0,de/DL,16.0,16.0,0,1,0,0.0%,0,,0.0,0,39.6,-3.0,0,0,0,17,6,10.0,35,54,9,14.3%,sfo
20,53.0,Mark Nzeocha,29.0,,16.0,0.0,1,1,0,0.0%,0,,0.0,0,0.0,3.0,0,0,0,0,0,0.0,0,10,0,0.0%,sfo
21,55.0,Dee Ford,28.0,de,11.0,2.0,0,0,0,,0,,,0,,,0,0,6,8,1,6.5,16,14,0,0.0%,sfo
22,98.0,Ronald Blair,26.0,,9.0,0.0,0,0,0,,0,,,0,,,0,0,0,6,0,3.0,9,21,2,8.7%,sfo
23,94.0,Solomon Thomas,24.0,dl,16.0,3.0,0,0,0,,0,,,0,,,0,0,0,2,4,2.0,8,21,1,4.5%,sfo
24,96.0,Sheldon Day,25.0,dl,16.0,2.0,0,0,0,,0,,,0,,,0,0,0,1,1,1.0,3,15,1,6.3%,sfo
25,60.0,Kevin Givens,22.0,,1.0,0.0,0,0,0,,0,,,0,,,0,0,0,2,0,0.0,2,1,0,0.0%,sfo
26,90.0,Damontre Moore,27.0,,2.0,0.0,0,0,0,,0,,,0,,,0,0,1,2,1,0.0,3,5,0,0.0%,sfo
27,77.0,Jullian Taylor,24.0,,6.0,0.0,0,0,0,,0,,,0,,,0,0,1,1,1,0.0,2,9,1,10.0%,sfo
28,90.0,Anthony Zettel,27.0,,1.0,0.0,0,0,0,,0,,,0,,,0,0,0,1,0,0.0,1,1,1,50.0%,sfo
29,,Team Total,,,,,12,491,318,61.3%,3074,9.7,6.2,23,83.0,7.0,1320,1738,157,88,36,48.0,177,966,107,10.0%,sfo
0,58.0,Cory Littleton,26.0,LB,16.0,16.0,2,85,61,71.8%,535,8.8,6.3,4,94.0,4.0,242,293,64,2,1,3.5,7,134,5,3.6%,ram
1,23.0,Nickell Robey-Coleman,27.0,cb,16.0,3.0,0,64,41,64.1%,403,9.8,6.3,1,86.9,8.0,209,194,4,0,0,0.0,0,36,8,18.2%,ram
2,24.0,Taylor Rapp,22.0,S,15.0,10.0,2,62,38,61.3%,373,9.8,6.0,1,70.2,5.6,211,162,22,0,1,0.0,1,100,3,2.9%,ram
3,20.0,Troy Hill,28.0,CB,14.0,9.0,2,57,26,45.6%,330,12.7,5.8,2,61.3,13.2,254,76,1,0,1,1.0,2,43,2,4.4%,ram
4,32.0,Eric Weddle,34.0,S,16.0,16.0,0,44,30,68.2%,371,12.4,8.4,1,101.6,9.4,191,180,5,1,1,0.0,2,108,10,8.5%,ram
5,20.0,Jalen Ramsey*,25.0,cb/db,9.0,8.0,1,43,29,67.4%,402,13.9,9.3,0,87.5,11.5,313,89,0,0,0,0.0,0,33,2,5.7%,ram
6,21.0,Aqib Talib,33.0,cb,5.0,5.0,0,31,18,58.1%,231,12.8,7.5,3,113.8,10.9,182,49,0,0,0,0.0,0,14,2,12.5%,ram
7,22.0,Marcus Peters*+,26.0,cb,6.0,6.0,2,25,13,52.0%,241,18.5,9.6,3,91.8,10.2,137,104,0,0,0,0.0,0,14,3,17.6%,ram
8,43.0,John Johnson,24.0,s,6.0,5.0,2,23,16,69.6%,214,13.4,9.3,1,77.1,9.5,122,92,5,0,0,0.0,0,51,7,12.1%,ram
9,26.0,Marqui Christian,25.0,s,16.0,1.0,0,23,13,56.5%,143,11.0,6.2,3,114.7,8.0,110,33,9,0,0,0.0,0,36,8,18.2%,ram
10,31.0,Darious Williams,26.0,db,12.0,3.0,2,21,15,71.4%,197,13.1,9.4,1,77.0,10.2,125,72,1,0,0,0.0,0,15,1,6.3%,ram
11,51.0,Troy Reeder,25.0,LB,16.0,8.0,0,17,16,94.1%,246,15.4,14.5,2,158.0,6.6,111,135,3,0,0,0.0,0,58,9,13.4%,ram
12,48.0,Travin Howard,23.0,,16.0,0.0,0,15,9,60.0%,106,11.8,7.1,0,81.5,7.7,59,47,1,0,0,0.0,0,22,0,0.0%,ram
13,25.0,David Long,21.0,,8.0,0.0,0,13,9,69.2%,100,11.1,7.7,1,117.5,11.5,64,36,1,0,0,0.0,0,9,0,0.0%,ram
14,50.0,Samson Ebukam,24.0,lb,16.0,5.0,0,11,7,63.6%,53,7.6,4.8,0,75.2,1.9,11,42,57,5,5,4.5,15,48,5,9.4%,ram
15,52.0,Clay Matthews,33.0,LB,13.0,13.0,0,10,9,90.0%,122,13.6,12.2,0,117.5,5.7,45,77,61,16,4,8.0,28,37,10,21.3%,ram
16,56.0,Dante Fowler,25.0,LB,16.0,14.0,0,9,4,44.4%,36,9.0,4.0,0,55.8,2.3,-14,50,48,19,3,11.5,35,58,8,12.1%,ram
17,45.0,Ogbonnia Okoronkwo,24.0,,10.0,0.0,0,2,2,100.0%,20,10.0,10.0,0,108.3,3.5,7,13,5,0,2,1.5,4,7,0,0.0%,ram
18,90.0,Michael Brockers,29.0,DL,16.0,16.0,0,2,0,0.0%,0,,0.0,0,39.6,-2.5,0,0,0,8,5,3.0,17,63,3,4.5%,ram
19,69.0,Sebastian Joseph,24.0,DT,16.0,15.0,0,1,1,100.0%,4,4.0,4.0,0,83.3,-6.0,-6,10,3,5,1,2.0,8,44,3,6.4%,ram
20,54.0,Bryce Hager,27.0,lb,5.0,4.0,0,1,1,100.0%,4,4.0,4.0,0,83.3,-4.0,-4,8,1,0,0,0.0,0,11,1,8.3%,ram
21,33.0,Nick Scott,24.0,,16.0,0.0,0,1,1,100.0%,6,6.0,6.0,0,91.7,0.0,0,6,0,0,0,0.0,0,8,0,0.0%,ram
22,99.0,Aaron Donald*+,28.0,DT,16.0,16.0,0,0,0,,0,,,0,,,0,0,0,32,9,12.5,55,48,6,11.1%,ram
23,97.0,Morgan Fox,25.0,de,16.0,3.0,0,0,0,,0,,,0,,,0,0,0,2,1,2.0,5,18,2,10.0%,ram
24,91.0,Greg Gaines,23.0,,10.0,0.0,0,0,0,,0,,,0,,,0,0,0,2,1,0.5,4,13,0,0.0%,ram
25,57.0,Natrez Patrick,22.0,,12.0,0.0,0,0,0,,0,,,0,,,0,0,1,0,0,0.0,0,2,0,0.0%,ram
26,,Team Total,,,,,13,560,348,61.9%,3928,11.3,7.4,23,86.8,8.1,2369,1768,292,92,35,50.0,183,1053,98,8.5%,ram
0,21.0,Tre Flowers,24.0,CB,15.0,15.0,3,101,61,60.4%,708,11.6,7.0,1,72.5,9.2,421,287,7,0,0,2.0,2,82,15,15.5%,sea
1,50.0,K.J. Wright,30.0,LB,16.0,16.0,3,90,64,71.1%,625,9.8,6.9,3,87.5,4.4,201,424,40,1,0,0.0,1,132,11,7.7%,sea
2,26.0,Shaquill Griffin*,24.0,CB,14.0,14.0,0,77,44,57.1%,559,12.7,7.3,4,97.3,11.2,411,148,2,0,0,0.0,0,65,10,13.3%,sea
3,54.0,Bobby Wagner*+,29.0,LB,16.0,16.0,1,72,58,80.6%,657,11.3,9.1,2,108.2,3.9,229,428,71,1,2,3.0,6,159,10,5.9%,sea
4,30.0,Bradley McDougald,29.0,SS,15.0,14.0,2,57,31,54.4%,356,11.5,6.2,0,58.8,11.7,267,89,21,2,1,0.5,4,70,12,14.6%,sea
5,56.0,Mychal Kendricks,29.0,LB,14.0,14.0,1,42,36,85.7%,320,8.9,7.6,2,104.4,3.5,84,236,59,2,0,3.0,5,71,19,21.1%,sea
6,24.0,Jamar Taylor,29.0,,9.0,0.0,0,40,25,62.5%,275,11.0,6.9,1,91.1,9.4,157,118,14,0,0,0.0,0,22,2,8.3%,sea
7,36.0,Akeem King,27.0,cb,13.0,3.0,0,18,10,55.6%,152,15.2,8.4,1,102.1,16.3,98,54,6,0,1,0.0,1,17,0,0.0%,sea
8,27.0,Marquise Blair,22.0,fs,14.0,3.0,0,17,11,64.7%,128,11.6,7.5,2,126.6,6.4,83,45,1,0,0,0.0,0,32,4,11.1%,sea
9,33.0,Tedric Thompson,24.0,fs,6.0,6.0,2,15,9,60.0%,222,24.7,14.8,1,86.8,17.3,198,24,0,0,0,0.0,0,19,1,5.0%,sea
10,28.0,Ugochukwu Amadi,22.0,,16.0,0.0,0,11,9,81.8%,83,9.2,7.5,0,98.1,0.7,11,72,5,0,0,0.0,0,17,0,0.0%,sea
11,57.0,Cody Barton,23.0,lb,16.0,2.0,0,9,7,77.8%,85,12.1,9.4,0,106.0,0.9,6,79,8,1,1,0.0,2,23,2,8.0%,sea
12,42.0,Delano Hill,24.0,ss,12.0,4.0,0,6,3,50.0%,76,25.3,12.7,0,95.8,22.3,61,15,2,1,0,0.0,1,25,5,16.7%,sea
13,28.0,Quandre Diggs,26.0,fs/s/ss,5.0,5.0,3,5,2,40.0%,24,12.0,4.8,1,55.4,13.4,11,13,0,0,0,0.0,0,21,6,22.2%,sea
14,23.0,Neiko Thorpe,29.0,,7.0,0.0,0,3,3,100.0%,31,10.3,10.3,0,109.7,9.3,27,4,0,0,0,0.0,0,8,0,0.0%,sea
15,93.0,Branden Jackson,27.0,de,15.0,3.0,0,3,1,33.3%,12,12.0,4.0,0,46.5,0.7,6,6,0,4,1,2.0,7,20,2,9.1%,sea
16,90.0,Jadeveon Clowney,26.0,DE,13.0,11.0,1,2,1,50.0%,4,4.0,2.0,0,16.7,-1.0,1,3,1,17,10,3.0,30,31,4,11.4%,sea
17,94.0,Ezekiel Ansah,30.0,de,11.0,1.0,0,2,0,0.0%,0,,0.0,0,39.6,-0.5,0,0,0,3,4,2.5,10,18,4,18.2%,sea
18,49.0,Shaquem Griffin,24.0,,16.0,0.0,0,1,1,100.0%,9,9.0,9.0,0,104.2,1.0,1,8,9,2,3,0.0,5,5,0,0.0%,sea
19,91.0,Jarran Reed,27.0,DT,10.0,10.0,0,1,0,0.0%,0,,0.0,0,39.6,9.0,0,0,0,5,5,2.0,13,27,5,15.6%,sea
20,72.0,Al Woods,32.0,dt,14.0,5.0,0,1,0,0.0%,0,,0.0,0,39.6,1.0,0,0,0,4,0,1.0,5,32,6,15.8%,sea
21,97.0,Poona Ford,24.0,DT,15.0,14.0,0,1,0,0.0%,0,,0.0,0,39.6,-5.0,0,0,0,1,2,0.5,4,32,5,13.5%,sea
22,98.0,Rasheem Green,22.0,DE,16.0,8.0,0,0,0,,0,,,0,,,0,0,0,10,1,4.0,15,27,3,10.0%,sea
23,99.0,Quinton Jefferson,26.0,DE,14.0,12.0,0,0,0,,0,,,0,,,0,0,0,5,7,3.5,16,26,5,16.1%,sea
24,79.0,Bryan Mone,24.0,,4.0,0.0,0,0,0,,0,,,0,,,0,0,0,1,0,0.0,1,4,0,0.0%,sea
25,,Team Total,,,,,16,574,383,64.0%,4407,11.5,7.5,19,85.6,8.0,2273,2053,246,60,38,27.0,128,1017,131,11.4%,sea
